LinkID,ID,HomeID,AER,comment,Start_Date,End_Date,AER_flag
CA001110,1,CA011,2.5,NULL,"1999-07-20 00:00:00","1999-07-22 00:00:00",<DL
CA002110,2,CA012,2.5,NULL,"1999-07-30 00:00:00","1999-08-01 00:00:00",<DL
CA003110,3,CA013,16.4806,NULL,"1999-08-19 00:00:00","1999-08-21 00:00:00",
CA004110,4,CA014,2.5,NULL,"1999-08-23 00:00:00","1999-08-25 00:00:00",<DL
CA005110,5,CA015,2.5,NULL,"1999-08-31 00:00:00","1999-09-02 00:00:00",<DL
CA006110,6,CA016,2.5,NULL,"1999-09-16 00:00:00","1999-09-18 00:00:00",<DL
CA007110,7,CA017,2.5,NULL,"1999-09-21 00:00:00","1999-09-23 00:00:00",<DL
CA008110,8,CA018,2.5,NULL,"1999-09-24 00:00:00","1999-09-26 00:00:00",<DL
CA009110,9,CA019,2.5,NULL,"1999-09-27 00:00:00","1999-09-29 00:00:00",<DL
CA010110,10,CA020,2.5,"only one pft used","1999-10-04 00:00:00","1999-10-06 00:00:00",<DL
CA011110,11,CA021,2.5,NULL,"1999-10-06 00:00:00","1999-10-08 00:00:00",<DL
CA012110,12,CA022,2.5,NULL,"1999-10-11 00:00:00","1999-10-13 00:00:00",<DL
CA013110,13,CA023,2.5,NULL,"1999-10-13 00:00:00","1999-10-15 00:00:00",<DL
CA014110,14,CA024,2.5,NULL,"1999-10-18 00:00:00","1999-10-20 00:00:00",<DL
CA015110,15,CA025,2.5,NULL,"1999-10-25 00:00:00","1999-10-27 00:00:00",<DL
CA016110,16,CA026,2.5,NULL,"1999-11-02 00:00:00","1999-11-04 00:00:00",<DL
CA017110,17,CA027,2.5,NULL,"1999-11-03 00:00:00","1999-11-05 00:00:00",<DL
CA018110,18,CA028,2.5,NULL,"1999-11-08 00:00:00","1999-11-10 00:00:00",<DL
CA019110,19,CA029,2.5,NULL,"1999-11-10 00:00:00","1999-11-12 00:00:00",<DL
CA020110,20,CA030,2.5,"CAT 882 for this sampling was previously used for TX026 blanks before samplings.","1999-12-17 00:00:00","1999-12-19 00:00:00",<DL
CA021110,21,CA031,2.5,NULL,"2000-01-21 00:00:00","2000-01-23 00:00:00",<DL
CA022110,22,CA032,2.5,NULL,"2000-01-24 00:00:00","2000-01-26 00:00:00",<DL
CA023110,23,CA033,2.5,NULL,"2000-02-08 00:00:00","2000-02-10 00:00:00",<DL
CA024110,24,CA034,2.5,NULL,"2000-02-09 00:00:00","2000-02-11 00:00:00",<DL
CA025110,25,CA035,2.5,NULL,"2000-02-14 00:00:00","2000-02-16 00:00:00",<DL
CA026110,26,CA036,2.5,NULL,"2000-02-23 00:00:00","2000-02-25 00:00:00",<DL
CA027110,27,CA037,2.5,NULL,"2000-02-21 00:00:00","2000-02-23 00:00:00",<DL
CA028110,28,CA038,2.5,NULL,"2000-03-07 00:00:00","2000-03-09 00:00:00",<DL
CA029110,29,CA039,2.5,NULL,"2000-03-08 00:00:00","2000-03-10 00:00:00",<DL
CA030110,30,CA040,2.5,"no Rp available for HSPH-99-099. Average Rp used.","2000-03-16 00:00:00","2000-03-18 00:00:00",<DL
CA031110,31,CA041,2.5,NULL,"2000-03-14 00:00:00","2000-03-16 00:00:00",<DL
CA032110,32,CA042,2.5,NULL,"2000-04-10 00:00:00","2000-04-12 00:00:00",<DL
CA033110,33,CA043,2.5,NULL,"2000-04-12 00:00:00","2000-04-14 00:00:00",<DL
CA034110,34,CA044,2.5,NULL,"2000-04-17 00:00:00","2000-04-19 00:00:00",<DL
CA035110,35,CA045,2.5,NULL,"2000-04-17 00:00:00","2000-04-19 00:00:00",<DL
CA036110,36,CA046,2.5,NULL,"2000-04-19 00:00:00","2000-04-21 00:00:00",<DL
CA037110,37,CA047,2.5,NULL,"2000-04-24 00:00:00","2000-04-26 00:00:00",<DL
CA038110,38,CA048,2.5,NULL,"2000-05-01 00:00:00","2000-05-03 00:00:00",<DL
CA039110,39,CA049,2.5,NULL,"2000-04-26 00:00:00","2000-04-28 00:00:00",<DL
CA040110,40,CA050,2.5,NULL,"2000-05-09 00:00:00","2000-05-11 00:00:00",<DL
CA041110,41,CA051,2.5,NULL,"2000-05-08 00:00:00","2000-05-10 00:00:00",<DL
CA042110,42,CA052,2.5,NULL,"2000-05-12 00:00:00","2000-05-14 00:00:00",<DL
CA043110,43,CA053,2.5,NULL,"2000-05-17 00:00:00","2000-05-19 00:00:00",<DL
CA044110,44,CA054,2.5,NULL,"2000-05-17 00:00:00","2000-05-19 00:00:00",<DL
CA045110,45,CA055,2.5,NULL,"2000-05-22 00:00:00","2000-05-24 00:00:00",<DL
CA046110,46,CA056,2.5,NULL,"2000-05-24 00:00:00","2000-05-26 00:00:00",<DL
CA047110,47,CA057,2.5,NULL,"2000-05-30 00:00:00","2000-06-01 00:00:00",<DL
CA048110,48,CA058,2.5,NULL,"2000-06-12 00:00:00","2000-06-14 00:00:00",<DL
CA049110,49,CA059,2.5,NULL,"2000-06-12 00:00:00","2000-06-14 00:00:00",<DL
CA050110,50,CA060,2.5,NULL,"2000-06-14 00:00:00","2000-06-16 00:00:00",<DL
CA051110,51,CA061,2.5,NULL,"2000-06-26 00:00:00","2000-06-28 00:00:00",<DL
CA052110,52,CA062,2.5,NULL,"2000-06-26 00:00:00","2000-06-28 00:00:00",<DL
CA053110,53,CA063,2.5,NULL,"2000-07-12 00:00:00","2000-07-14 00:00:00",<DL
CA054110,54,CA064,2.5,NULL,"2000-07-12 00:00:00","2000-07-14 00:00:00",<DL
CA055110,55,CA065,2.5,NULL,"2000-07-05 00:00:00","2000-07-07 00:00:00",<DL
CA056110,56,CA066,2.5,NULL,"2000-08-02 00:00:00","2000-08-04 00:00:00",<DL
CA057110,57,CA067,2.5,NULL,"2000-07-19 00:00:00","2000-07-21 00:00:00",<DL
CA058110,58,CA068,2.5,NULL,"2000-07-17 00:00:00","2000-07-19 00:00:00",<DL
CA059110,59,CA069,2.5,NULL,"2000-07-26 00:00:00","2000-07-28 00:00:00",<DL
CA060110,60,CA070,2.5,NULL,"2000-07-24 00:00:00","2000-07-26 00:00:00",<DL
CA061110,61,CA071,2.5,NULL,"2000-08-07 00:00:00","2000-08-09 00:00:00",<DL
CA062110,62,CA072,2.5,NULL,"2000-08-29 00:00:00","2000-08-31 00:00:00",<DL
CA063110,63,CA073,2.5,NULL,"2000-09-18 00:00:00","2000-09-20 00:00:00",<DL
CA065110,64,CA075,2.5,NULL,"2000-07-19 00:00:00","2000-07-21 00:00:00",<DL
CA066110,65,CA076,2.5,NULL,"2000-07-26 00:00:00","2000-07-28 00:00:00",<DL
CA067110,66,CA077,2.5,NULL,"2000-07-31 00:00:00","2000-08-01 00:00:00",<DL
CA068110,67,CA078,2.5,NULL,"2000-08-14 00:00:00","2000-08-16 00:00:00",<DL
CA069110,68,CA079,2.5,NULL,"2000-09-05 00:00:00","2000-09-07 00:00:00",<DL
CA070110,69,CA080,2.5,NULL,"2000-09-11 00:00:00","2000-09-13 00:00:00",<DL
CA071110,70,CA081,2.5,NULL,"2000-09-20 00:00:00","2000-09-22 00:00:00",<DL
CA072110,71,CA082,2.5,NULL,"2000-09-18 00:00:00","2000-09-20 00:00:00",<DL
CA073110,72,CA083,2.5,NULL,"2000-09-20 00:00:00","2000-09-22 00:00:00",<DL
CA074110,73,CA084,2.5,NULL,"2000-09-27 00:00:00","2000-09-29 00:00:00",<DL
CA075110,74,CA085,2.5,NULL,"2000-09-27 00:00:00","2000-09-29 00:00:00",<DL
CA076110,75,CA086,2.5,NULL,"2000-09-25 00:00:00","2000-09-27 00:00:00",<DL
CA077110,76,CA087,2.5,NULL,"2000-10-02 00:00:00","2000-10-04 00:00:00",<DL
CA078110,77,CA088,2.5,NULL,"2000-10-02 00:00:00","2000-10-04 00:00:00",<DL
CA079110,78,CA100,2.5,NULL,"2000-06-13 00:00:00","2000-06-15 00:00:00",<DL
CA080110,79,CA101,16.7338,NULL,"2000-06-27 00:00:00","2000-06-29 00:00:00",
CA081110,80,CA102,2.5,NULL,"2000-06-27 00:00:00","2000-06-29 00:00:00",<DL
CA082110,81,CA103,2.5,NULL,"2000-07-11 00:00:00","2000-07-13 00:00:00",<DL
CA083110,82,CA104,2.5,NULL,"2000-07-18 00:00:00","2000-07-20 00:00:00",<DL
CA084110,83,CA105,2.5,NULL,"2000-07-17 00:00:00","2000-07-19 00:00:00",<DL
CA085110,84,CA106,2.5,NULL,"2000-07-25 00:00:00","2000-07-27 00:00:00",<DL
CA086110,85,CA107,2.5,NULL,"2000-08-02 00:00:00","2000-08-04 00:00:00",<DL
CA087110,86,CA108,2.5,NULL,"2000-07-25 00:00:00","2000-07-27 00:00:00",<DL
CA088110,87,CA109,2.5,NULL,"2000-08-29 00:00:00","2000-08-31 00:00:00",<DL
CA089110,88,CA110,2.5,NULL,"2000-08-02 00:00:00","2000-08-04 00:00:00",<DL
CA090110,89,CA111,2.5,NULL,"2000-08-01 00:00:00","2000-08-03 00:00:00",<DL
CA091110,90,CA112,2.5,NULL,"2000-08-08 00:00:00","2000-08-10 00:00:00",<DL
CA092110,91,CA113,2.5,NULL,"2000-08-08 00:00:00","2000-08-10 00:00:00",<DL
CA093110,92,CA114,2.5,NULL,"2000-08-09 00:00:00","2000-08-11 00:00:00",<DL
CA094110,93,CA115,2.5,NULL,"2000-08-07 00:00:00","2000-08-09 00:00:00",<DL
CA095110,94,CA116,2.5,NULL,"2000-08-15 00:00:00","2000-08-17 00:00:00",<DL
CA096110,95,CA117,2.5,NULL,"2000-08-15 00:00:00","2000-08-17 00:00:00",<DL
CA097110,96,CA118,2.5,NULL,"2000-08-25 00:00:00","2000-08-27 00:00:00",<DL
CA098110,97,CA119,2.5,NULL,"2000-08-15 00:00:00","2000-08-17 00:00:00",<DL
CA099110,98,CA120,2.5,NULL,"2000-08-01 00:00:00","2000-08-03 00:00:00",<DL
CA100110,99,CA121,2.5,NULL,"2000-08-15 00:00:00","2000-08-17 00:00:00",<DL
CA101110,100,CA122,2.5,NULL,"2000-08-21 00:00:00","2000-08-23 00:00:00",<DL
CA102110,101,CA123,2.5,NULL,"2000-08-24 00:00:00","2000-08-26 00:00:00",<DL
CA103110,102,CA124,2.5,NULL,"2000-08-29 00:00:00","2000-08-31 00:00:00",<DL
CA104110,103,CA125,2.5,NULL,"2000-08-29 00:00:00","2000-08-31 00:00:00",<DL
CA105110,104,CA126,2.5,NULL,"2000-09-05 00:00:00","2000-09-07 00:00:00",<DL
CA106110,105,CA127,2.5,NULL,"2000-09-06 00:00:00","2000-09-08 00:00:00",<DL
CA001210,106,CA211,2.5,NULL,"1999-12-01 00:00:00","1999-12-03 00:00:00",<DL
CA002210,107,CA212,2.5,NULL,"1999-11-17 00:00:00","1999-11-19 00:00:00",<DL
CA003210,108,CA213,2.5,NULL,"1999-12-03 00:00:00","1999-12-05 00:00:00",<DL
CA004210,109,CA214,NULL,"invalid sample","2000-01-13 00:00:00","2000-01-15 00:00:00",NA
CA005210,110,CA215,2.5,NULL,"1999-12-16 00:00:00","1999-12-18 00:00:00",<DL
CA006210,111,CA216,2.5,NULL,"2000-01-12 00:00:00","2000-01-14 00:00:00",<DL
CA007210,112,CA217,2.5,NULL,"2000-02-29 00:00:00","2000-03-02 00:00:00",<DL
CA010210,113,CA220,2.5,NULL,"2000-03-29 00:00:00","2000-03-31 00:00:00",<DL
CA011210,114,CA221,2.5,NULL,"2000-03-08 00:00:00","2000-03-10 00:00:00",<DL
CA012210,115,CA222,2.5,"only one pft used","2000-03-21 00:00:00","2000-03-23 00:00:00",<DL
CA013210,116,CA223,2.5,NULL,"2000-03-07 00:00:00","2000-03-09 00:00:00",<DL
CA014210,117,CA224,2.5,NULL,"2000-02-07 00:00:00","2000-02-09 00:00:00",<DL
CA015210,118,CA225,2.5,NULL,"2000-03-17 00:00:00","2000-03-19 00:00:00",<DL
CA016210,119,CA226,2.5,NULL,"2000-03-07 00:00:00","2000-03-09 00:00:00",<DL
CA017210,120,CA227,2.5,NULL,"2000-03-20 00:00:00","2000-03-22 00:00:00",<DL
CA018210,121,CA228,2.5,NULL,"2000-04-11 00:00:00","2000-04-13 00:00:00",<DL
CA019210,122,CA229,2.5,NULL,"2000-03-06 00:00:00","2000-03-08 00:00:00",<DL
CA020210,123,CA230,2.5,"CAT175 for this sampling was previously used as blank CAT in TX201 sampling with","2000-04-14 00:00:00","2000-04-16 00:00:00",<DL
CA022210,124,CA232,2.5,NULL,"2000-05-31 00:00:00","2000-06-02 00:00:00",<DL
CA023210,125,CA233,2.5,NULL,"2000-06-07 00:00:00","2000-06-09 00:00:00",<DL
CA024210,126,CA234,2.5,NULL,"2000-06-05 00:00:00","2000-06-07 00:00:00",<DL
CA025210,127,CA235,2.5,NULL,"2000-06-19 00:00:00","2000-06-21 00:00:00",<DL
CA027210,128,CA237,2.5,NULL,"2000-06-22 00:00:00","2000-06-24 00:00:00",<DL
CA029210,129,CA239,2.5,NULL,"2000-06-21 00:00:00","2000-06-23 00:00:00",<DL
CA030210,130,CA240,2.5,NULL,"2000-06-28 00:00:00","2000-06-30 00:00:00",<DL
CA032210,131,CA242,2.5,NULL,"2000-08-25 00:00:00","2000-08-27 00:00:00",<DL
CA033210,132,CA243,2.5,NULL,"2000-08-23 00:00:00","2000-08-25 00:00:00",<DL
CA034210,133,CA244,2.5,NULL,"2000-09-06 00:00:00","2000-09-08 00:00:00",<DL
CA035210,134,CA245,2.5,NULL,"2000-09-13 00:00:00","2000-09-15 00:00:00",<DL
CA036210,135,CA246,2.5,NULL,"2000-08-08 00:00:00","2000-08-10 00:00:00",<DL
CA037210,136,CA247,2.5,NULL,"2000-09-11 00:00:00","2000-09-13 00:00:00",<DL
CA039210,137,CA249,2.5,NULL,"2000-08-25 00:00:00","2000-08-27 00:00:00",<DL
CA041210,138,CA251,2.5,NULL,"2000-10-16 00:00:00","2000-10-18 00:00:00",<DL
CA043210,139,CA253,2.5,NULL,"2000-11-06 00:00:00","2000-11-08 00:00:00",<DL
CA046210,140,CA256,2.5,NULL,"2000-10-09 00:00:00","2000-10-11 00:00:00",<DL
CA047210,141,CA257,2.5,NULL,"2000-10-31 00:00:00","2000-11-02 00:00:00",<DL
CA050210,142,CA260,2.5,NULL,"2000-10-18 00:00:00","2000-10-20 00:00:00",<DL
CA051210,143,CA261,2.5,NULL,"2000-10-31 00:00:00","2000-11-02 00:00:00",<DL
CA052210,144,CA262,2.5,NULL,"2000-10-09 00:00:00","2000-10-11 00:00:00",<DL
CA053210,145,CA263,2.5,NULL,"2000-11-20 00:00:00","2000-11-22 00:00:00",<DL
CA055210,146,CA265,2.5,NULL,"2000-11-28 00:00:00","2000-11-30 00:00:00",<DL
CA058210,147,CA268,2.5,NULL,"2001-01-16 00:00:00","2001-01-18 00:00:00",<DL
CA059210,148,CA269,2.5,NULL,"2000-11-15 00:00:00","2000-11-17 00:00:00",<DL
CA060210,149,CA270,2.5,NULL,"2000-11-20 00:00:00","2000-11-22 00:00:00",<DL
CA061210,150,CA271,2.5,NULL,"2000-11-15 00:00:00","2000-11-17 00:00:00",<DL
CA062210,151,CA272,2.5,NULL,"2000-12-11 00:00:00","2000-12-13 00:00:00",<DL
CA063210,152,CA273,2.5,NULL,"2001-01-17 00:00:00","2001-01-19 00:00:00",<DL
CA065210,153,CA275,2.5,NULL,"2000-10-23 00:00:00","2000-10-25 00:00:00",<DL
CA066210,154,CA276,2.5,NULL,"2000-10-23 00:00:00","2000-10-25 00:00:00",<DL
CA069210,155,CA279,2.5,NULL,"2000-12-05 00:00:00","2000-12-07 00:00:00",<DL
CA070210,156,CA280,2.5,NULL,"2001-02-05 00:00:00","2001-02-07 00:00:00",<DL
CA072210,157,CA282,2.5,NULL,"2000-12-12 00:00:00","2000-12-14 00:00:00",<DL
CA073210,158,CA283,2.5,NULL,"2001-01-29 00:00:00","2001-01-31 00:00:00",<DL
CA074210,159,CA284,2.5,NULL,"2001-01-10 00:00:00","2001-01-12 00:00:00",<DL
CA075210,160,CA285,2.5,NULL,"2001-01-10 00:00:00","2001-01-12 00:00:00",<DL
CA077210,161,CA287,2.5,NULL,"2001-01-31 00:00:00","2001-02-02 00:00:00",<DL
CA078210,162,CA288,2.5,NULL,"2001-02-05 00:00:00","2001-02-07 00:00:00",<DL
CA080210,163,CA301,2.5,NULL,"2000-10-10 00:00:00","2000-10-12 00:00:00",<DL
CA081210,164,CA302,2.5,NULL,"2000-10-10 00:00:00","2000-10-12 00:00:00",<DL
CA082210,165,CA303,2.5,NULL,"2000-10-16 00:00:00","2000-10-18 00:00:00",<DL
CA083210,166,CA304,2.5,NULL,"2000-10-17 00:00:00","2000-10-19 00:00:00",<DL
CA084210,167,CA305,2.5,NULL,"2000-10-31 00:00:00","2000-11-02 00:00:00",<DL
CA085210,168,CA306,2.5,NULL,"2000-11-15 00:00:00","2000-11-18 00:00:00",<DL
CA086210,169,CA307,2.5,NULL,"2000-11-15 00:00:00","2000-11-17 00:00:00",<DL
CA087210,170,CA308,2.5,NULL,"2000-12-04 00:00:00","2000-12-06 00:00:00",<DL
CA088210,171,CA309,NULL,N/A,"2000-12-13 00:00:00","2000-12-15 00:00:00",NA
CA089210,172,CA310,2.5,NULL,"2000-11-06 00:00:00","2000-11-08 00:00:00",<DL
CA090210,173,CA311,2.5,NULL,"2000-11-27 00:00:00","2000-11-29 00:00:00",<DL
CA092210,174,CA313,2.5,NULL,"2000-11-27 00:00:00","2000-11-29 00:00:00",<DL
CA093210,175,CA314,2.5,NULL,"2000-12-05 00:00:00","2000-12-07 00:00:00",<DL
CA094210,176,CA315,2.5,NULL,"2000-10-31 00:00:00","2000-11-02 00:00:00",<DL
CA095210,177,CA316,2.5,NULL,"2000-11-13 00:00:00","2000-11-15 00:00:00",<DL
CA096210,178,CA317,2.5,NULL,"2000-11-28 00:00:00","2000-11-30 00:00:00",<DL
CA098210,179,CA319,2.5,NULL,"2000-12-05 00:00:00","2000-12-07 00:00:00",<DL
CA099210,180,CA320,2.5,NULL,"2000-11-07 00:00:00","2000-11-09 00:00:00",<DL
CA101210,181,CA322,2.5,NULL,"2000-12-18 00:00:00","2000-12-20 00:00:00",<DL
CA102210,182,CA323,2.5,NULL,"2000-12-13 00:00:00","2000-12-15 00:00:00",<DL
CA103210,183,CA324,2.5,NULL,"2001-01-16 00:00:00","2001-01-18 00:00:00",<DL
CA104210,184,CA325,2.5,NULL,"2000-12-12 00:00:00","2000-12-14 00:00:00",<DL
CA105210,185,CA326,2.5,NULL,"2001-01-15 00:00:00","2001-01-17 00:00:00",<DL
CA106210,186,CA327,2.5,NULL,"2000-12-12 00:00:00","2000-12-14 00:00:00",<DL
TX101110,187,EX101,2.5,NULL,"2000-09-18 00:00:00","2000-09-20 00:00:00",<DL
TX102110,188,EX102,2.5,NULL,"2000-09-20 00:00:00","2000-09-22 00:00:00",<DL
TX103110,189,EX103,2.5,NULL,"2000-10-17 00:00:00","2000-10-19 00:00:00",<DL
TX104110,190,EX104,2.5,NULL,"2000-09-26 00:00:00","2000-09-28 00:00:00",<DL
TX101210,191,EX201,2.5,NULL,"2000-12-13 00:00:00","2000-12-15 00:00:00",<DL
TX104210,192,EX204,2.5,NULL,"2000-12-15 00:00:00","2000-12-17 00:00:00",<DL
TX106210,193,EX206,2.5,NULL,"2001-01-15 00:00:00","2001-01-17 00:00:00",<DL
NJ100110,194,NJ100,NULL,"Below LDL","2000-12-05 00:00:00","2000-12-07 00:00:00",NA
NJ001110,195,NJ101,2.5,NULL,"1999-06-08 00:00:00","1999-06-10 00:00:00",<DL
NJ002110,196,NJ102,2.5,NULL,"1999-06-23 00:00:00","1999-06-25 00:00:00",<DL
NJ003110,197,NJ103,2.5,NULL,"1999-07-13 00:00:00","1999-07-15 00:00:00",<DL
NJ004110,198,NJ104,2.5,NULL,"1999-07-27 00:00:00","1999-07-29 00:00:00",<DL
NJ005110,199,NJ105,2.5,NULL,"1999-08-10 00:00:00","1999-08-12 00:00:00",<DL
NJ006110,200,NJ106,2.5,NULL,"1999-08-23 00:00:00","1999-08-25 00:00:00",<DL
NJ007110,201,NJ107,2.5,NULL,"1999-09-07 00:00:00","1999-09-09 00:00:00",<DL
NJ008110,202,NJ108,2.5,NULL,"1999-09-28 00:00:00","1999-09-30 00:00:00",<DL
NJ009110,203,NJ109,2.5,NULL,"1999-09-30 00:00:00","1999-10-02 00:00:00",<DL
NJ010110,204,NJ110,2.5,NULL,"1999-10-06 00:00:00","1999-10-08 00:00:00",<DL
NJ011110,205,NJ111,2.5,NULL,"1999-10-19 00:00:00","1999-10-21 00:00:00",<DL
NJ012110,206,NJ112,2.5,NULL,"1999-10-26 00:00:00","1999-10-28 00:00:00",<DL
NJ013110,207,NJ113,2.5,NULL,"1999-10-27 00:00:00","1999-10-29 00:00:00",<DL
NJ014110,208,NJ114,2.5,NULL,"1999-11-01 00:00:00","1999-11-03 00:00:00",<DL
NJ016110,209,NJ116,2.5,NULL,"1999-11-08 00:00:00","1999-11-10 00:00:00",<DL
NJ018110,210,NJ118,2.5,NULL,"1999-11-15 00:00:00","1999-11-17 00:00:00",<DL
NJ019110,211,NJ119,2.5,NULL,"1999-11-17 00:00:00","1999-11-19 00:00:00",<DL
NJ020110,212,NJ120,2.5,NULL,"1999-11-29 00:00:00","1999-12-01 00:00:00",<DL
NJ021110,213,NJ121,2.5,NULL,"1999-12-06 00:00:00","1999-12-08 00:00:00",<DL
NJ022110,214,NJ122,2.5,NULL,"1999-12-20 00:00:00","1999-12-22 00:00:00",<DL
NJ023110,215,NJ123,2.5,NULL,"2000-03-29 00:00:00","2000-03-31 00:00:00",<DL
NJ024110,216,NJ124,NULL,"Below LDL","2000-01-26 00:00:00","2000-01-28 00:00:00",NA
NJ025110,217,NJ125,5.71909,NULL,"2000-02-01 00:00:00","2000-02-03 00:00:00",
NJ027110,218,NJ127,2.5,NULL,"2000-03-29 00:00:00","2000-03-31 00:00:00",<DL
NJ028110,219,NJ128,2.5,NULL,"2000-02-15 00:00:00","2000-02-17 00:00:00",<DL
NJ029110,220,NJ129,2.5,NULL,"2000-02-23 00:00:00","2000-02-25 00:00:00",<DL
NJ031110,221,NJ131,2.5,NULL,"2000-04-05 00:00:00","2000-04-07 00:00:00",<DL
NJ032110,222,NJ132,2.5,NULL,"2000-03-08 00:00:00","2000-03-10 00:00:00",<DL
NJ033110,223,NJ133,2.5,NULL,"2000-03-15 00:00:00","2000-03-17 00:00:00",<DL
NJ034110,224,NJ134,2.5,NULL,"2000-03-15 00:00:00","2000-03-17 00:00:00",<DL
NJ035110,225,NJ135,2.5,NULL,"2000-04-05 00:00:00","2000-04-07 00:00:00",<DL
NJ036110,226,NJ136,2.5,NULL,"2000-04-05 00:00:00","2000-04-07 00:00:00",<DL
NJ037110,227,NJ137,2.5,NULL,"2000-04-12 00:00:00","2000-04-14 00:00:00",<DL
NJ038110,228,NJ138,2.5,NULL,"2000-04-18 00:00:00","2000-04-20 00:00:00",<DL
NJ039110,229,NJ139,2.5,NULL,"2000-04-26 00:00:00","2000-04-28 00:00:00",<DL
NJ040110,230,NJ140,2.5,NULL,"2000-05-03 00:00:00","2000-05-05 00:00:00",<DL
NJ041110,231,NJ141,2.5,NULL,"2000-05-03 00:00:00","2000-05-05 00:00:00",<DL
NJ042110,232,NJ142,2.5,NULL,"2000-05-03 00:00:00","2000-05-05 00:00:00",<DL
NJ043110,233,NJ143,2.5,NULL,"2000-05-09 00:00:00","2000-05-11 00:00:00",<DL
NJ044110,234,NJ144,2.5,NULL,"2000-05-09 00:00:00","2000-05-11 00:00:00",<DL
NJ045110,235,NJ145,2.5,NULL,"2000-05-16 00:00:00","2000-05-18 00:00:00",<DL
NJ046110,236,NJ146,2.5,NULL,"2000-05-23 00:00:00","2000-05-25 00:00:00",<DL
NJ047110,237,NJ147,2.5,NULL,"2000-05-23 00:00:00","2000-05-25 00:00:00",<DL
NJ048110,238,NJ148,2.5,NULL,"2000-05-23 00:00:00","2000-05-25 00:00:00",<DL
NJ049110,239,NJ149,2.5,NULL,"2000-05-30 00:00:00","2000-06-01 00:00:00",<DL
NJ050110,240,NJ150,2.5,NULL,"2000-05-30 00:00:00","2000-06-01 00:00:00",<DL
NJ051110,241,NJ151,2.5,NULL,"2000-05-30 00:00:00","2000-06-01 00:00:00",<DL
NJ052110,242,NJ152,2.5,NULL,"2000-05-30 00:00:00","2000-06-01 00:00:00",<DL
NJ053110,243,NJ153,2.5,NULL,"2000-06-06 00:00:00","2000-06-08 00:00:00",<DL
NJ054110,244,NJ154,2.5,NULL,"2000-06-06 00:00:00","2000-06-08 00:00:00",<DL
NJ055110,245,NJ155,2.5,NULL,"2000-06-13 00:00:00","2000-06-15 00:00:00",<DL
NJ056110,246,NJ156,2.5,NULL,"2000-06-13 00:00:00","2000-06-15 00:00:00",<DL
NJ057110,247,NJ157,2.5,NULL,"2000-06-06 00:00:00","2000-06-08 00:00:00",<DL
NJ058110,248,NJ158,2.5,NULL,"2000-06-20 00:00:00","2000-06-22 00:00:00",<DL
NJ059110,249,NJ159,2.5,NULL,"2000-06-13 00:00:00","2000-06-15 00:00:00",<DL
NJ060110,250,NJ160,2.5,NULL,"2000-06-20 00:00:00","2000-06-22 00:00:00",<DL
NJ061110,251,NJ161,2.5,NULL,"2000-06-20 00:00:00","2000-06-22 00:00:00",<DL
NJ062110,252,NJ162,2.5,NULL,"2000-06-20 00:00:00","2000-06-22 00:00:00",<DL
NJ063110,253,NJ163,2.5,NULL,"2000-07-18 00:00:00","2000-07-20 00:00:00",<DL
NJ064110,254,NJ164,2.5,NULL,"2000-06-27 00:00:00","2000-06-29 00:00:00",<DL
NJ065110,255,NJ165,6.02209,NULL,"2000-06-27 00:00:00","2000-06-29 00:00:00",
NJ066110,256,NJ166,2.5,NULL,"2000-06-27 00:00:00","2000-06-29 00:00:00",<DL
NJ067110,257,NJ167,9.37559,NULL,"2000-07-05 00:00:00","2000-07-07 00:00:00",
NJ068110,258,NJ168,2.5,NULL,"2000-07-05 00:00:00","2000-07-07 00:00:00",<DL
NJ069110,259,NJ169,2.5,NULL,"2000-07-05 00:00:00","2000-07-07 00:00:00",<DL
NJ070110,260,NJ170,2.5,NULL,"2000-07-11 00:00:00","2000-07-13 00:00:00",<DL
NJ071110,261,NJ171,2.5,NULL,"2000-07-11 00:00:00","2000-07-13 00:00:00",<DL
NJ072110,262,NJ172,5.68231,NULL,"2000-07-11 00:00:00","2000-07-13 00:00:00",
NJ074110,263,NJ174,2.5,NULL,"2000-07-18 00:00:00","2000-07-20 00:00:00",<DL
NJ075110,264,NJ175,2.5,NULL,"2000-07-25 00:00:00","2000-07-27 00:00:00",<DL
NJ076110,265,NJ176,2.5,NULL,"2000-07-25 00:00:00","2000-07-27 00:00:00",<DL
NJ077110,266,NJ177,2.5,NULL,"2000-08-01 00:00:00","2000-08-03 00:00:00",<DL
NJ078110,267,NJ178,2.5,NULL,"2000-08-01 00:00:00","2000-08-03 00:00:00",<DL
NJ079110,268,NJ179,2.5,NULL,"2000-08-08 00:00:00","2000-08-10 00:00:00",<DL
NJ080110,269,NJ180,2.5,NULL,"2000-08-08 00:00:00","2000-08-10 00:00:00",<DL
NJ081110,270,NJ181,2.5,NULL,"2000-08-15 00:00:00","2000-08-17 00:00:00",<DL
NJ082110,271,NJ182,2.5,NULL,"2000-08-15 00:00:00","2000-08-17 00:00:00",<DL
NJ083110,272,NJ183,NULL,"Below LDL","2000-09-05 00:00:00","2000-09-07 00:00:00",NA
NJ084110,273,NJ184,2.5,NULL,"2000-10-03 00:00:00","2000-10-05 00:00:00",<DL
NJ085110,274,NJ185,2.5,NULL,"2000-09-05 00:00:00","2000-09-07 00:00:00",<DL
NJ086110,275,NJ186,2.5,NULL,"2000-09-19 00:00:00","2000-09-21 00:00:00",<DL
NJ087110,276,NJ187,2.5,NULL,"2000-09-12 00:00:00","2000-09-14 00:00:00",<DL
NJ088110,277,NJ188,2.5,NULL,"2000-09-19 00:00:00","2000-09-21 00:00:00",<DL
NJ089110,278,NJ189,2.5,NULL,"2000-09-19 00:00:00","2000-09-21 00:00:00",<DL
NJ090110,279,NJ190,2.5,NULL,"2000-10-10 00:00:00","2000-10-12 00:00:00",<DL
NJ091110,280,NJ191,NULL,"Below LDL","2000-10-17 00:00:00","2000-10-19 00:00:00",NA
NJ092110,281,NJ192,2.5,NULL,"2000-10-24 00:00:00","2000-10-26 00:00:00",<DL
NJ093110,282,NJ193,2.5,NULL,"2000-10-24 00:00:00","2000-10-26 00:00:00",<DL
NJ094110,283,NJ194,2.5,NULL,"2000-10-31 00:00:00","2000-11-02 00:00:00",<DL
NJ095110,284,NJ195,2.5,NULL,"2000-10-31 00:00:00","2000-11-02 00:00:00",<DL
NJ096110,285,NJ196,2.5,NULL,"2000-11-07 00:00:00","2000-11-09 00:00:00",<DL
NJ097110,286,NJ197,2.5,NULL,"2000-11-07 00:00:00","2000-11-09 00:00:00",<DL
NJ098110,287,NJ198,2.5,NULL,"2000-11-14 00:00:00","2000-11-16 00:00:00",<DL
NJ099110,288,NJ199,2.5,NULL,"2000-12-05 00:00:00","2000-12-07 00:00:00",<DL
NJ001210,289,NJ201,2.5,NULL,"2000-03-13 00:00:00","2000-03-15 00:00:00",<DL
NJ002210,290,NJ202,2.5,NULL,"1999-12-13 00:00:00","1999-12-15 00:00:00",<DL
NJ003210,291,NJ203,NULL,"Below LDL","1999-10-16 00:00:00","1999-10-18 00:00:00",NA
NJ004210,292,NJ204,2.5,NULL,"1999-10-14 00:00:00","1999-10-16 00:00:00",<DL
NJ005210,293,NJ205,2.5,NULL,"2001-01-16 00:00:00","2001-01-18 00:00:00",<DL
NJ006210,294,NJ206,2.5,NULL,"2000-08-22 00:00:00","2000-08-24 00:00:00",<DL
NJ007210,295,NJ207,2.5,NULL,"2000-05-23 00:00:00","2000-05-25 00:00:00",<DL
NJ008210,296,NJ208,2.5,NULL,"2000-02-08 00:00:00","2000-02-10 00:00:00",<DL
NJ009210,297,NJ209,2.5,NULL,"2000-01-11 00:00:00","2000-01-13 00:00:00",<DL
NJ010210,298,NJ210,NULL,"Below LDL","2000-03-07 00:00:00","2000-03-09 00:00:00",NA
NJ011210,299,NJ211,2.5,NULL,"2000-01-18 00:00:00","2000-01-20 00:00:00",<DL
NJ012210,300,NJ212,2.5,NULL,"2001-01-23 00:00:00","2001-01-25 00:00:00",<DL
NJ013210,301,NJ213,2.5,NULL,"2000-01-18 00:00:00","2000-01-20 00:00:00",<DL
NJ014210,302,NJ214,2.5,NULL,"2000-02-08 00:00:00","2000-02-10 00:00:00",<DL
NJ018210,303,NJ218,2.5,NULL,"2000-07-11 00:00:00","2000-07-13 00:00:00",<DL
NJ019210,304,NJ219,2.5,NULL,"2000-02-23 00:00:00","2000-02-25 00:00:00",<DL
NJ020210,305,NJ220,2.5,NULL,"2000-02-29 00:00:00","2000-03-02 00:00:00",<DL
NJ021210,306,NJ221,2.5,NULL,"2000-04-12 00:00:00","2000-04-14 00:00:00",<DL
NJ022210,307,NJ222,2.5,NULL,"2000-10-24 00:00:00","2000-10-26 00:00:00",<DL
NJ023210,308,NJ223,NULL,"Below LDL","2000-07-18 00:00:00","2000-07-20 00:00:00",NA
NJ024210,309,NJ224,2.5,NULL,"2000-04-18 00:00:00","2000-04-20 00:00:00",<DL
NJ025210,310,NJ225,2.5,NULL,"2000-05-09 00:00:00","2000-05-11 00:00:00",<DL
NJ026210,311,NJ226,2.5,NULL,"2000-05-16 00:00:00","2000-05-18 00:00:00",<DL
NJ027210,312,NJ227,2.5,NULL,"2000-08-15 00:00:00","2000-08-17 00:00:00",<DL
NJ028210,313,NJ228,2.5,NULL,"2000-05-16 00:00:00","2000-05-18 00:00:00",<DL
NJ029210,314,NJ229,5.94135,NULL,"2000-07-25 00:00:00","2000-07-27 00:00:00",
NJ030210,315,NJ230,6.06045,NULL,"2000-10-03 00:00:00","2000-10-05 00:00:00",
NJ031210,316,NJ231,2.5,NULL,"2000-08-01 00:00:00","2000-08-03 00:00:00",<DL
NJ032210,317,NJ232,2.5,NULL,"2000-08-08 00:00:00","2000-08-10 00:00:00",<DL
NJ033210,318,NJ233,6.64211,NULL,"2000-07-25 00:00:00","2000-07-27 00:00:00",
NJ036210,319,NJ236,2.5,NULL,"2000-08-01 00:00:00","2000-08-03 00:00:00",<DL
NJ037210,320,NJ237,2.5,NULL,"2000-12-20 00:00:00","2000-12-22 00:00:00",<DL
NJ038210,321,NJ238,2.5,NULL,"2000-09-26 00:00:00","2000-09-28 00:00:00",<DL
NJ039210,322,NJ239,2.5,NULL,"2000-08-08 00:00:00","2000-08-10 00:00:00",<DL
NJ040210,323,NJ240,2.5,NULL,"2000-08-15 00:00:00","2000-08-17 00:00:00",<DL
NJ041210,324,NJ241,2.5,NULL,"2000-08-29 00:00:00","2000-08-31 00:00:00",<DL
NJ042210,325,NJ242,2.5,NULL,"2000-11-28 00:00:00","2000-11-30 00:00:00",<DL
NJ043210,326,NJ243,2.5,NULL,"2000-09-05 00:00:00","2000-09-07 00:00:00",<DL
NJ044210,327,NJ244,2.5,NULL,"2000-08-22 00:00:00","2000-08-24 00:00:00",<DL
NJ045210,328,NJ245,2.5,NULL,"2000-10-24 00:00:00","2000-10-26 00:00:00",<DL
NJ046210,329,NJ246,2.5,NULL,"2000-09-12 00:00:00","2000-09-14 00:00:00",<DL
NJ047210,330,NJ247,2.5,NULL,"2000-09-26 00:00:00","2000-09-28 00:00:00",<DL
NJ048210,331,NJ248,2.5,NULL,"2000-08-22 00:00:00","2000-08-24 00:00:00",<DL
NJ049210,332,NJ249,2.5,NULL,"2000-09-05 00:00:00","2000-09-07 00:00:00",<DL
NJ050210,333,NJ250,2.5,NULL,"2000-08-29 00:00:00","2000-08-31 00:00:00",<DL
NJ051210,334,NJ251,2.5,NULL,"2000-08-29 00:00:00","2000-08-31 00:00:00",<DL
NJ053210,335,NJ253,2.5,NULL,"2000-10-17 00:00:00","2000-10-19 00:00:00",<DL
NJ054210,336,NJ254,2.5,NULL,"2000-09-12 00:00:00","2000-09-14 00:00:00",<DL
NJ056210,337,NJ256,2.5,NULL,"2000-10-03 00:00:00","2000-10-05 00:00:00",<DL
NJ057210,338,NJ257,2.5,NULL,"2000-09-12 00:00:00","2000-09-14 00:00:00",<DL
NJ058210,339,NJ258,2.5,NULL,"2000-10-17 00:00:00","2000-10-19 00:00:00",<DL
NJ060210,340,NJ260,2.5,NULL,"2000-09-26 00:00:00","2000-09-28 00:00:00",<DL
NJ061210,341,NJ261,2.5,NULL,"2000-10-03 00:00:00","2000-10-05 00:00:00",<DL
NJ063210,342,NJ263,2.5,NULL,"2000-12-12 00:00:00","2000-12-14 00:00:00",<DL
NJ064210,343,NJ264,2.5,NULL,"2001-01-23 00:00:00","2001-01-25 00:00:00",<DL
NJ065210,344,NJ265,2.5,NULL,"2000-10-12 00:00:00","2000-10-14 00:00:00",<DL
NJ066210,345,NJ266,2.5,NULL,"2000-10-24 00:00:00","2000-10-26 00:00:00",<DL
NJ067210,346,NJ267,2.5,NULL,"2000-10-17 00:00:00","2000-10-19 00:00:00",<DL
NJ070210,347,NJ270,2.5,NULL,"2000-10-31 00:00:00","2000-11-02 00:00:00",<DL
NJ071210,348,NJ271,2.5,NULL,"2001-01-16 00:00:00","2001-01-18 00:00:00",<DL
NJ073210,349,NJ273,2.5,NULL,"2001-01-30 00:00:00","2001-02-01 00:00:00",<DL
NJ074210,350,NJ274,2.5,NULL,"2000-11-07 00:00:00","2000-11-09 00:00:00",<DL
NJ075210,351,NJ275,2.5,NULL,"2000-11-07 00:00:00","2000-11-09 00:00:00",<DL
NJ076210,352,NJ276,2.5,NULL,"2001-01-09 00:00:00","2001-01-11 00:00:00",<DL
NJ077210,353,NJ277,2.5,NULL,"2000-12-12 00:00:00","2000-12-14 00:00:00",<DL
NJ078210,354,NJ278,2.5,NULL,"2001-01-09 00:00:00","2001-01-11 00:00:00",<DL
NJ079210,355,NJ279,2.5,NULL,"2000-11-14 00:00:00","2000-11-16 00:00:00",<DL
NJ080210,356,NJ280,2.5,NULL,"2000-11-14 00:00:00","2000-11-16 00:00:00",<DL
NJ081210,357,NJ281,2.5,NULL,"2000-11-28 00:00:00","2000-11-30 00:00:00",<DL
NJ082210,358,NJ282,2.5,NULL,"2001-01-03 00:00:00","2001-01-05 00:00:00",<DL
NJ084210,359,NJ284,2.5,NULL,"2001-01-03 00:00:00","2001-01-05 00:00:00",<DL
NJ085210,360,NJ285,2.5,NULL,"2000-11-28 00:00:00","2000-11-30 00:00:00",<DL
NJ087210,361,NJ287,2.5,NULL,"2000-12-05 00:00:00","2000-12-07 00:00:00",<DL
NJ088210,362,NJ288,2.5,NULL,"2000-12-05 00:00:00","2000-12-07 00:00:00",<DL
NJ090210,363,NJ290,2.5,NULL,"2001-01-03 00:00:00","2001-01-05 00:00:00",<DL
NJ091210,364,NJ291,2.5,NULL,"2001-01-09 00:00:00","2001-01-11 00:00:00",<DL
NJ092210,365,NJ292,2.5,NULL,"2001-01-16 00:00:00","2001-01-18 00:00:00",<DL
NJ093210,366,NJ293,2.5,NULL,"2001-02-20 00:00:00","2001-02-22 00:00:00",<DL
NJ094210,367,NJ294,2.5,NULL,"2001-02-13 00:00:00","2001-02-15 00:00:00",<DL
NJ096210,368,NJ296,2.5,NULL,"2001-01-30 00:00:00","2001-02-01 00:00:00",<DL
NJ097210,369,NJ297,2.5,NULL,"2001-02-06 00:00:00","2001-02-08 00:00:00",<DL
NJ099210,370,NJ299,2.5,NULL,"2001-02-06 00:00:00","2001-02-08 00:00:00",<DL
TX001110,371,TX001,2.5,NULL,"1999-06-23 00:00:00","1999-06-25 00:00:00",<DL
TX002110,372,TX002,2.5,NULL,"1999-06-29 00:00:00","1999-07-01 00:00:00",<DL
TX003110,373,TX003,2.5,NULL,"1999-07-21 00:00:00","1999-07-23 00:00:00",<DL
TX005110,374,TX005,2.5,NULL,"1999-08-18 00:00:00","1999-08-20 00:00:00",<DL
TX006110,375,TX006,2.5,NULL,"1999-08-18 00:00:00","1999-08-20 00:00:00",<DL
TX007110,376,TX007,2.5,NULL,"1999-08-31 00:00:00","1999-09-02 00:00:00",<DL
TX008110,377,TX008,2.5,NULL,"1999-08-31 00:00:00","1999-09-02 00:00:00",<DL
TX009110,378,TX009,2.5,NULL,"1999-09-02 00:00:00","1999-09-04 00:00:00",<DL
TX010110,379,TX010,2.5,NULL,"1999-09-08 00:00:00","1999-09-10 00:00:00",<DL
TX011110,380,TX011,2.5,NULL,"1999-09-08 00:00:00","1999-09-10 00:00:00",<DL
TX012110,381,TX012,2.5,NULL,"1999-09-27 00:00:00","1999-09-29 00:00:00",<DL
TX013110,382,TX013,2.5,NULL,"1999-10-04 00:00:00","1999-10-06 00:00:00",<DL
TX014110,383,TX014,2.5,NULL,"1999-10-13 00:00:00","1999-10-15 00:00:00",<DL
TX015110,384,TX015,2.5,NULL,"1999-10-19 00:00:00","1999-10-21 00:00:00",<DL
TX016110,385,TX016,2.5,NULL,"1999-11-15 00:00:00","1999-11-17 00:00:00",<DL
TX017110,386,TX017,2.5,NULL,"1999-12-01 00:00:00","1999-12-03 00:00:00",<DL
TX018110,387,TX018,2.5,NULL,"1999-12-21 00:00:00","1999-12-23 00:00:00",<DL
TX019110,388,TX019,2.5,NULL,"2000-01-03 00:00:00","2000-01-05 00:00:00",<DL
TX020110,389,TX020,2.5,NULL,"2000-01-03 00:00:00","2000-01-05 00:00:00",<DL
TX021110,390,TX021,2.5,NULL,"2000-01-05 00:00:00","2000-01-07 00:00:00",<DL
TX022110,391,TX022,2.5,NULL,"2000-02-02 00:00:00","2000-02-04 00:00:00",<DL
TX023110,392,TX023,2.5,NULL,"2000-02-09 00:00:00","2000-02-11 00:00:00",<DL
TX025110,393,TX025,2.5,NULL,"2000-02-14 00:00:00","2000-02-16 00:00:00",<DL
TX027110,394,TX027,2.5,NULL,"2000-02-16 00:00:00","2000-02-18 00:00:00",<DL
TX028110,395,TX028,2.5,NULL,"2000-02-21 00:00:00","2000-02-23 00:00:00",<DL
TX029110,396,TX029,2.5,NULL,"2000-02-21 00:00:00","2000-02-23 00:00:00",<DL
TX030110,397,TX030,2.5,NULL,"2000-02-23 00:00:00","2000-02-25 00:00:00",<DL
TX031110,398,TX031,2.5,NULL,"2000-02-23 00:00:00","2000-02-25 00:00:00",<DL
TX033110,399,TX033,2.5,NULL,"2000-03-13 00:00:00","2000-03-15 00:00:00",<DL
TX034110,400,TX034,2.5,NULL,"2000-03-13 00:00:00","2000-03-15 00:00:00",<DL
TX035110,401,TX035,2.5,NULL,"2000-03-15 00:00:00","2000-03-17 00:00:00",<DL
TX036110,402,TX036,2.5,NULL,"2000-03-15 00:00:00","2000-03-17 00:00:00",<DL
TX037110,403,TX037,2.5,NULL,"2000-03-20 00:00:00","2000-03-22 00:00:00",<DL
TX038110,404,TX038,2.5,NULL,"2000-03-20 00:00:00","2000-03-22 00:00:00",<DL
TX039110,405,TX039,2.5,NULL,"2000-03-22 00:00:00","2000-03-24 00:00:00",<DL
TX040110,406,TX040,2.5,NULL,"2000-03-22 00:00:00","2000-03-24 00:00:00",<DL
TX041110,407,TX041,2.5,NULL,"2000-04-05 00:00:00","2000-04-07 00:00:00",<DL
TX042110,408,TX042,2.5,NULL,"2000-03-27 00:00:00","2000-03-29 00:00:00",<DL
TX043110,409,TX043,2.5,NULL,"2000-03-29 00:00:00","2000-03-31 00:00:00",<DL
TX044110,410,TX044,2.5,NULL,"2000-04-03 00:00:00","2000-04-05 00:00:00",<DL
TX045110,411,TX045,8.21359,NULL,"2000-04-03 00:00:00","2000-04-05 00:00:00",
TX047110,412,TX047,2.5,NULL,"2000-04-10 00:00:00","2000-04-12 00:00:00",<DL
TX048110,413,TX048,2.5,NULL,"2000-04-28 00:00:00","2000-04-30 00:00:00",<DL
TX049110,414,TX049,2.5,NULL,"2000-04-12 00:00:00","2000-04-14 00:00:00",<DL
TX050110,415,TX050,2.5,NULL,"2000-04-17 00:00:00","2000-04-19 00:00:00",<DL
TX051110,416,TX051,2.5,NULL,"2000-04-19 00:00:00","2000-04-21 00:00:00",<DL
TX052110,417,TX052,2.5,NULL,"2000-04-26 00:00:00","2000-04-28 00:00:00",<DL
TX054110,418,TX054,2.5,NULL,"2000-05-01 00:00:00","2000-05-03 00:00:00",<DL
TX055110,419,TX055,2.5,NULL,"2000-05-01 00:00:00","2000-05-03 00:00:00",<DL
TX056110,420,TX056,5.14979,NULL,"2000-05-08 00:00:00","2000-05-10 00:00:00",
TX057110,421,TX057,2.5,NULL,"2000-05-08 00:00:00","2000-05-10 00:00:00",<DL
TX058110,422,TX058,2.5,NULL,"2000-05-10 00:00:00","2000-05-12 00:00:00",<DL
TX059110,423,TX059,2.5,NULL,"2000-05-10 00:00:00","2000-05-12 00:00:00",<DL
TX061110,424,TX061,2.5,NULL,"2000-05-15 00:00:00","2000-05-17 00:00:00",<DL
TX063110,425,TX063,2.5,NULL,"2000-05-15 00:00:00","2000-05-17 00:00:00",<DL
TX064110,426,TX064,2.5,NULL,"2000-05-17 00:00:00","2000-05-19 00:00:00",<DL
TX066110,427,TX066,2.5,NULL,"2000-05-22 00:00:00","2000-05-24 00:00:00",<DL
TX067110,428,TX067,2.5,NULL,"2000-05-22 00:00:00","2000-05-24 00:00:00",<DL
TX068110,429,TX068,2.5,NULL,"2000-05-22 00:00:00","2000-05-24 00:00:00",<DL
TX069110,430,TX069,2.5,NULL,"2000-05-31 00:00:00","2000-06-02 00:00:00",<DL
TX071110,431,TX071,2.5,NULL,"2000-05-31 00:00:00","2000-06-02 00:00:00",<DL
TX072110,432,TX072,2.5,NULL,"2000-06-05 00:00:00","2000-06-07 00:00:00",<DL
TX073110,433,TX073,2.5,NULL,"2000-06-05 00:00:00","2000-06-07 00:00:00",<DL
TX074110,434,TX074,2.5,NULL,"2000-06-07 00:00:00","2000-06-09 00:00:00",<DL
TX075110,435,TX075,2.5,NULL,"2000-06-12 00:00:00","2000-06-14 00:00:00",<DL
TX076110,436,TX076,2.5,NULL,"2000-06-12 00:00:00","2000-06-14 00:00:00",<DL
TX077110,437,TX077,2.5,NULL,"2000-06-28 00:00:00","2000-06-30 00:00:00",<DL
TX079110,438,TX079,2.5,NULL,"2000-07-26 00:00:00","2000-07-28 00:00:00",<DL
TX080110,439,TX080,2.5,NULL,"2000-07-31 00:00:00","2000-08-02 00:00:00",<DL
TX081110,440,TX081,2.5,NULL,"2000-08-22 00:00:00","2000-08-24 00:00:00",<DL
TX082110,441,TX082,2.5,NULL,"2000-08-22 00:00:00","2000-08-24 00:00:00",<DL
TX083110,442,TX083,2.5,NULL,"2000-08-23 00:00:00","2000-08-25 00:00:00",<DL
TX084110,443,TX084,2.5,NULL,"2000-08-25 00:00:00","2000-08-27 00:00:00",<DL
TX085110,444,TX085,2.5,NULL,"2000-08-29 00:00:00","2000-08-31 00:00:00",<DL
TX087110,445,TX087,2.5,NULL,"2000-08-29 00:00:00","2000-08-31 00:00:00",<DL
TX088110,446,TX088,2.5,NULL,"2000-08-29 00:00:00","2000-08-31 00:00:00",<DL
TX089110,447,TX089,2.5,NULL,"2000-09-01 00:00:00","2000-09-03 00:00:00",<DL
TX090110,448,TX090,2.5,NULL,"2000-09-05 00:00:00","2000-09-08 00:00:00",<DL
TX091110,449,TX091,2.5,NULL,"2000-09-04 00:00:00","2000-09-06 00:00:00",<DL
TX093110,450,TX093,2.5,NULL,"2000-09-04 00:00:00","2000-09-06 00:00:00",<DL
TX094110,451,TX094,2.5,NULL,"2000-09-05 00:00:00","2000-09-08 00:00:00",<DL
TX095110,452,TX095,2.5,NULL,"2000-09-05 00:00:00","2000-09-08 00:00:00",<DL
TX096110,453,TX096,2.5,NULL,"2000-09-11 00:00:00","2000-09-13 00:00:00",<DL
TX098110,454,TX098,2.5,NULL,"2000-09-11 00:00:00","2000-09-13 00:00:00",<DL
TX099110,455,TX099,2.5,NULL,"2000-09-13 00:00:00","2000-09-15 00:00:00",<DL
TX100110,456,TX100,2.5,NULL,"2000-09-18 00:00:00","2000-09-20 00:00:00",<DL
TX002210,457,TX202,2.5,NULL,"1999-09-15 00:00:00","1999-09-17 00:00:00",<DL
TX003210,458,TX203,2.5,NULL,"2000-03-01 00:00:00","2000-03-03 00:00:00",<DL
TX004210,459,TX204,2.5,NULL,"1999-11-08 00:00:00","1999-11-10 00:00:00",<DL
TX005210,460,TX205,2.5,NULL,"1999-11-08 00:00:00","1999-11-10 00:00:00",<DL
TX006210,461,TX206,2.5,NULL,"1999-11-15 00:00:00","1999-11-17 00:00:00",<DL
TX007210,462,TX207,2.5,NULL,"2000-01-11 00:00:00","2000-01-13 00:00:00",<DL
TX008210,463,TX208,13.3432,NULL,"1999-11-29 00:00:00","1999-12-01 00:00:00",
TX009210,464,TX209,2.5,NULL,"1999-11-22 00:00:00","1999-11-24 00:00:00",<DL
TX010210,465,TX210,2.5,NULL,"1999-12-21 00:00:00","1999-12-23 00:00:00",<DL
TX011210,466,TX211,2.5,NULL,"1999-11-29 00:00:00","1999-12-01 00:00:00",<DL
TX012210,467,TX212,2.5,NULL,"2000-01-13 00:00:00","2000-01-15 00:00:00",<DL
TX013210,468,TX213,2.5,NULL,"2000-01-11 00:00:00","2000-01-13 00:00:00",<DL
TX014210,469,TX214,2.5,NULL,"2000-01-31 00:00:00","2000-02-04 00:00:00",<DL
TX015210,470,TX215,2.5,NULL,"2000-01-31 00:00:00","2000-02-04 00:00:00",<DL
TX018210,471,TX218,2.5,NULL,"2000-03-10 00:00:00","2000-03-12 00:00:00",<DL
TX019210,472,TX219,2.5,NULL,"2000-06-28 00:00:00","2000-06-30 00:00:00",<DL
TX020210,473,TX220,2.5,NULL,"2000-06-21 00:00:00","2000-06-23 00:00:00",<DL
TX021210,474,TX221,2.5,NULL,"2000-06-26 00:00:00","2000-06-28 00:00:00",<DL
TX022210,475,TX222,2.5,NULL,"2000-06-21 00:00:00","2000-06-23 00:00:00",<DL
TX023210,476,TX223,2.5,NULL,"2000-07-12 00:00:00","2000-07-14 00:00:00",<DL
TX025210,477,TX225,2.5,NULL,"2000-07-17 00:00:00","2000-07-19 00:00:00",<DL
TX026210,478,TX226,2.5,NULL,"2000-07-05 00:00:00","2000-07-07 00:00:00",<DL
TX027210,479,TX227,2.5,NULL,"2000-07-12 00:00:00","2000-07-14 00:00:00",<DL
TX028210,480,TX228,2.5,NULL,"2000-07-05 00:00:00","2000-07-07 00:00:00",<DL
TX029210,481,TX229,2.5,NULL,"2000-07-26 00:00:00","2000-07-28 00:00:00",<DL
TX030210,482,TX230,2.5,NULL,"2000-07-24 00:00:00","2000-07-26 00:00:00",<DL
TX031210,483,TX231,2.5,NULL,"2000-07-24 00:00:00","2000-07-26 00:00:00",<DL
TX033210,484,TX233,2.5,NULL,"2000-11-07 00:00:00","2000-11-09 00:00:00",<DL
TX035210,485,TX235,2.5,"no CAT (2662) result from HSPH","2000-08-02 00:00:00","2000-08-04 00:00:00",<DL
TX037210,486,TX237,2.5,NULL,"2000-08-09 00:00:00","2000-08-11 00:00:00",<DL
TX038210,487,TX238,2.5,NULL,"2000-08-14 00:00:00","2000-08-16 00:00:00",<DL
TX039210,488,TX239,2.5,NULL,"2000-08-14 00:00:00","2000-08-16 00:00:00",<DL
TX040210,489,TX240,2.5,NULL,"2000-08-07 00:00:00","2000-08-09 00:00:00",<DL
TX041210,490,TX241,2.5,NULL,"2000-08-09 00:00:00","2000-08-11 00:00:00",<DL
TX044210,491,TX244,2.5,NULL,"2000-09-19 00:00:00","2000-09-21 00:00:00",<DL
TX045210,492,TX245,2.5,NULL,"2000-09-19 00:00:00","2000-09-21 00:00:00",<DL
TX047210,493,TX247,2.5,NULL,"2000-08-16 00:00:00","2000-08-18 00:00:00",<DL
TX049210,494,TX249,2.5,NULL,"2000-08-16 00:00:00","2000-08-18 00:00:00",<DL
TX050210,495,TX250,2.5,NULL,"2000-08-21 00:00:00","2000-08-23 00:00:00",<DL
TX051210,496,TX251,2.5,NULL,"2000-08-21 00:00:00","2000-08-23 00:00:00",<DL
TX052210,497,TX252,2.5,NULL,"2000-10-17 00:00:00","2000-10-19 00:00:00",<DL
TX053210,498,TX253,2.5,NULL,"2000-11-02 00:00:00","2000-11-04 00:00:00",<DL
TX054210,499,TX254,2.5,NULL,"2000-11-14 00:00:00","2000-11-16 00:00:00",<DL
TX055210,500,TX255,2.5,NULL,"2000-08-28 00:00:00","2000-08-30 00:00:00",<DL
TX056210,501,TX256,5.65907,NULL,"2000-09-12 00:00:00","2000-09-14 00:00:00",
TX057210,502,TX257,2.5,NULL,"2000-09-05 00:00:00","2000-09-07 00:00:00",<DL
TX058210,503,TX258,2.5,NULL,"2000-08-28 00:00:00","2000-08-30 00:00:00",<DL
TX059210,504,TX259,2.5,NULL,"2000-10-03 00:00:00","2000-10-05 00:00:00",<DL
TX060210,505,TX260,25.1072,NULL,"2000-09-12 00:00:00","2000-09-14 00:00:00",
TX061210,506,TX261,2.5,NULL,"2000-08-30 00:00:00","2000-09-01 00:00:00",<DL
TX062210,507,TX262,2.5,NULL,"2000-09-05 00:00:00","2000-09-07 00:00:00",<DL
TX064210,508,TX264,2.5,NULL,"2001-01-15 00:00:00","2001-01-17 00:00:00",<DL
TX065210,509,TX265,2.5,NULL,"2001-01-15 00:00:00","2001-01-17 00:00:00",<DL
TX066210,510,TX266,87.4998,NULL,"2000-11-16 00:00:00","2000-11-18 00:00:00",
TX067210,511,TX267,2.5,NULL,"2000-11-14 00:00:00","2000-11-16 00:00:00",<DL
TX071210,512,TX271,2.5,NULL,"2000-11-30 00:00:00","2000-12-02 00:00:00",<DL
TX072210,513,TX272,2.5,NULL,"2000-09-12 00:00:00","2000-09-14 00:00:00",<DL
TX075210,514,TX275,2.5,NULL,"2000-12-15 00:00:00","2000-12-17 00:00:00",<DL
TX077210,515,TX277,2.5,NULL,"2000-11-07 00:00:00","2000-11-09 00:00:00",<DL
TX078210,516,TX278,2.5,NULL,"2000-11-07 00:00:00","2000-11-09 00:00:00",<DL
TX079210,517,TX279,2.5,NULL,"2000-12-05 00:00:00","2000-12-07 00:00:00",<DL
TX080210,518,TX280,2.5,NULL,"2000-12-11 00:00:00","2000-12-13 00:00:00",<DL
TX081210,519,TX281,2.5,NULL,"2000-12-13 00:00:00","2000-12-15 00:00:00",<DL
TX082210,520,TX282,2.5,NULL,"2000-11-26 00:00:00","2000-11-28 00:00:00",<DL
TX085210,521,TX285,2.5,NULL,"2000-12-11 00:00:00","2000-12-13 00:00:00",<DL
TX086210,522,TX286,2.5,NULL,"2000-12-05 00:00:00","2000-12-07 00:00:00",<DL
TX087210,523,TX287,2.5,NULL,"2000-12-11 00:00:00","2000-12-13 00:00:00",<DL
TX088210,524,TX288,2.5,NULL,"2000-12-05 00:00:00","2000-12-07 00:00:00",<DL
TX089210,525,TX289,2.5,NULL,"2000-12-15 00:00:00","2000-12-17 00:00:00",<DL
TX090210,526,TX290,2.5,NULL,"2000-12-05 00:00:00","2000-12-07 00:00:00",<DL
TX091210,527,TX291,2.5,NULL,"2000-12-11 00:00:00","2000-12-13 00:00:00",<DL
TX093210,528,TX293,2.5,NULL,"2000-11-26 00:00:00","2000-11-28 00:00:00",<DL
TX094210,529,TX294,2.5,NULL,"2000-11-30 00:00:00","2000-12-02 00:00:00",<DL
TX096210,530,TX296,2.5,NULL,"2000-12-13 00:00:00","2000-12-15 00:00:00",<DL
TX097210,531,TX297,2.5,NULL,"2000-12-18 00:00:00","2000-12-20 00:00:00",<DL
TX098210,532,TX298,2.5,NULL,"2000-12-13 00:00:00","2000-12-15 00:00:00",<DL
TX099210,533,TX299,2.5,NULL,"2000-12-13 00:00:00","2000-12-15 00:00:00",<DL
