LinkID,HomeID,Type,Front_QFF_ID,Front_OC,Front_EC,Backup_QFF_ID,Backup_OC,Backup_EC,Actual_OC,Actual_OM,Actual_EC,percent_adsorbed_OC_in_front_QFF,comments,datestarted,dateended,Actual_OC_flag,Actual_EC_flag
CA001110,CA011,INDOOR,30021,5.27013,0.35513,30036,1.55853,0.015346,3.7116,5.19624,0.339784,29.5729,"","1999-07-13 00:00:00","1999-07-15 00:00:00",,
CA001120,CA011,OUTDOOR,30038,3.86806,0.480474,30037,1.78407,0.0257348,2.08399,2.91758,0.454739,46.1232,"","1999-07-13 00:00:00","1999-07-15 00:00:00",,
CA003110,CA013,INDOOR,30113,7.3099,0.897348,30116,2.76528,0.015367,4.54462,6.36247,0.881981,37.8292,"","1999-08-15 00:00:00","1999-08-17 00:00:00",,
CA003120,CA013,OUTDOOR,30112,4.30039,0.941932,30115,2.1855,0.296329,2.11489,2.96085,0.645603,50.821,"","1999-08-15 00:00:00","1999-08-17 00:00:00",,
CA004110,CA014,INDOOR,30101,4.52776,0.559859,30104,2.51888,0.0567962,2.00888,2.81243,0.503063,55.6319,"","1999-08-23 00:00:00","1999-08-25 00:00:00",,
CA004120,CA014,OUTDOOR,30102,3.41438,0.78286,30103,2.0047,0.276395,1.40968,1.97356,0.506465,58.7133,"","1999-08-23 00:00:00","1999-08-25 00:00:00",,
CA005110,CA015,INDOOR,30106,11.8491,0.768548,30107,2.81099,0.00515583,9.0381,12.6533,0.763393,23.7233,"","1999-08-31 00:00:00","1999-09-02 00:00:00",,
CA005120,CA015,OUTDOOR,30108,3.49141,0.594804,30091,1.88649,0.179213,1.60492,2.24689,0.415592,54.0323,"","1999-08-31 00:00:00","1999-09-02 00:00:00",,
CA007110,CA017,INDOOR,30229,8.75613,0.619226,30231,0.876203,0,7.87993,11.0319,0.619226,10.0067,"","1999-09-16 00:00:00","1999-09-18 00:00:00",,
CA007120,CA017,OUTDOOR,30230,4.77646,0.585101,30232,1.59037,0.0505427,3.18608,4.46052,0.534558,33.2961,"","1999-09-16 00:00:00","1999-09-18 00:00:00",,
CA010110,CA020,INDOOR,30245,6.79104,0.935594,30244,2.40824,0.029384,4.3828,6.13592,0.90621,35.462,"","1999-10-04 00:00:00","1999-10-06 00:00:00",,
CA010120,CA020,OUTDOOR,30246,5.7175,1.16743,30249,1.12762,0.0331954,4.58987,6.42582,1.13423,19.7223,"","1999-10-04 00:00:00","1999-10-06 00:00:00",,
CA013110,CA023,INDOOR,30211,7.64452,1.45892,30214,2.31604,0.0419746,5.32848,7.45987,1.41694,30.2967,"","1999-10-13 00:00:00","1999-10-15 00:00:00",,
CA013120,CA023,OUTDOOR,30212,4.98534,1.35659,30213,1.3946,0.0476895,3.59074,5.02704,1.3089,27.9741,"","1999-10-13 00:00:00","1999-10-15 00:00:00",,
CA014110,CA024,INDOOR,30218,10.1093,4.51887,30216,5.39646,0.731368,4.71286,6.598,3.7875,53.381,"","1999-10-18 00:00:00","1999-10-20 00:00:00",,
CA014120,CA024,OUTDOOR,30219,10.8721,2.71887,30217,0.812982,0.0503747,10.0591,14.0828,2.66849,7.47768,"","1999-10-18 00:00:00","1999-10-20 00:00:00",,
CA016110,CA026,INDOOR,30403,8.84766,1.45019,NULL,2.58016,0.065,6.2675,8.7745,1.38519,29.1621,"bkup OC was estimated from existing data","1999-10-27 00:00:00","1999-10-29 00:00:00",,
CA016120,CA026,OUTDOOR,30404,5.64125,1.16831,NULL,1.80054,0.065,3.84072,5.377,1.10331,31.9173,"bkup OC was estimated from existing data","1999-10-27 00:00:00","1999-10-29 00:00:00",,
CA017110,CA027,INDOOR,30408,25.862,1.24464,30409,2.75679,0.0350213,23.1052,32.3473,1.20961,10.6596,"","1999-11-03 00:00:00","1999-11-05 00:00:00",,
CA017120,CA027,OUTDOOR,30407,7.52377,1.18396,30410,2.19964,0.280102,5.32413,7.45378,0.903856,29.2359,"","1999-11-03 00:00:00","1999-11-05 00:00:00",,
CA018110,CA028,INDOOR,30414,9.2086,2.20863,30417,1.4303,0.107004,7.7783,10.8896,2.10162,15.5322,"","1999-11-08 00:00:00","1999-11-10 00:00:00",,
CA018120,CA028,OUTDOOR,30415,6.01909,2.48928,30416,2.33566,0.619172,3.68343,5.1568,1.87011,38.8042,"","1999-11-08 00:00:00","1999-11-10 00:00:00",,
CA020110,CA030,INDOOR,30361,7.58711,1.67561,30359,2.28473,0.0211753,5.30237,7.42332,1.65443,30.1134,"","1999-12-13 00:00:00","1999-12-15 00:00:00",,
CA020120,CA030,OUTDOOR,30357,8.78891,2.52726,30358,1.54598,0.027354,7.24293,10.1401,2.49991,17.5902,"","1999-12-13 00:00:00","1999-12-15 00:00:00",,
CA030110,CA040,INDOOR,30538,6.10266,1.12266,30536,3.08209,0.386413,3.02057,4.2288,0.736251,50.504,"","2000-03-13 00:00:00","2000-03-15 00:00:00",,
CA030120,CA040,OUTDOOR,30537,4.9884,1.4595,30535,1.98697,0.0529308,3.00143,4.202,1.40656,39.8319,"","2000-03-13 00:00:00","2000-03-15 00:00:00",,
CA031110,CA041,INDOOR,30644,8.58481,0.619415,30645,3.17858,0.0969813,5.40623,7.56873,0.522433,37.0256,"","2000-03-15 00:00:00","2000-03-17 00:00:00",,
CA031120,CA041,OUTDOOR,30643,5.42986,0.832143,30646,2.21581,0.0380453,3.21405,4.49967,0.794097,40.8079,"","2000-03-15 00:00:00","2000-03-17 00:00:00",,
CA035110,CA045,INDOOR,30474,5.68269,0.944435,30473,2.63104,0.0462784,3.05165,4.27231,0.898156,46.2992,"","2000-04-17 00:00:00","2000-04-19 00:00:00",,
CA035120,CA045,OUTDOOR,30476,2.73961,1.36111,30477,0.924078,0.00173317,1.81554,2.54175,1.35938,33.7302,"","2000-04-17 00:00:00","2000-04-19 00:00:00",,
CA037110,CA047,INDOOR,30789,8.6712,0.408952,30480,3.12374,0,5.54746,7.76645,0.408952,36.0243,"","2000-04-24 00:00:00","2000-04-26 00:00:00",,
CA037120,CA047,OUTDOOR,30479,5.6804,0.816242,30483,1.85592,0.135104,3.82448,5.35427,0.681138,32.6724,NULL,"2000-04-24 00:00:00","2000-04-26 00:00:00",,
CA038110,CA048,INDOOR,30824,6.47373,0.865763,30827,2.69754,0.0470595,3.77619,5.28666,0.818703,41.669,NULL,"2000-05-01 00:00:00","2000-05-03 00:00:00",,
CA038120,CA048,OUTDOOR,30825,8.41278,0.598935,30826,1.48828,0.0617075,6.9245,9.6943,0.537228,17.6907,NULL,"2000-05-01 00:00:00","2000-05-03 00:00:00",,
CA047110,CA057,INDOOR,30786,8.32173,1.51898,30784,2.28622,0.0303191,6.03551,8.44972,1.48866,27.4729,NULL,"2000-05-30 00:00:00","2000-06-01 00:00:00",,
CA047120,CA057,OUTDOOR,30787,5.72401,1.51615,30785,2.50701,0.495975,3.217,4.5038,1.02018,43.7981,NULL,"2000-05-30 00:00:00","2000-06-01 00:00:00",,
CA049110,CA059,INDOOR,30816,6.82855,1.47442,30815,1.13853,0.0521456,5.69002,7.96602,1.42227,16.6731,NULL,"2000-06-12 00:00:00","2000-06-14 00:00:00",,
CA049120,CA059,OUTDOOR,30817,5.45866,1.67426,30814,2.00312,0.603071,3.45554,4.83775,1.07119,36.6962,NULL,"2000-06-12 00:00:00","2000-06-14 00:00:00",,
CA051110,CA061,INDOOR,30869,8.15547,1.50807,30867,3.26092,0.0461581,4.89455,6.85237,1.46192,39.9844,NULL,"2000-06-26 00:00:00","2000-06-28 00:00:00",,
CA051120,CA061,OUTDOOR,30873,7.31892,1.77912,30868,2.38562,0.0514308,4.9333,6.90662,1.72769,32.5953,NULL,"2000-06-26 00:00:00","2000-06-28 00:00:00",,
CA053110,CA063,INDOOR,30851,6.67924,1.58113,30852,2.56187,0.0864674,4.11737,5.76432,1.49466,38.3557,NULL,"2000-07-12 00:00:00","2000-07-14 00:00:00",,
CA053120,CA063,OUTDOOR,30855,5.60323,1.56084,30853,2.23601,0.0922752,3.36722,4.7141,1.46857,39.9058,NULL,"2000-07-12 00:00:00","2000-07-14 00:00:00",,
CA062110,CA072,INDOOR,31186,4.42952,0.261497,31188,2.58589,0.0605827,1.84363,2.58108,0.200914,58.3785,NULL,"2000-08-29 00:00:00","2000-08-31 00:00:00",,
CA062120,CA072,OUTDOOR,31185,2.18028,0.243908,31187,1.25093,0.0659729,0.929346,1.30108,0.177935,57.3749,NULL,"2000-08-29 00:00:00","2000-08-31 00:00:00",,
CA065110,CA075,INDOOR,30856,12.1598,1.82374,30849,2.3146,0.0580922,9.84525,13.7833,1.76565,19.0348,NULL,"2000-07-19 00:00:00","2000-07-21 00:00:00",,
CA065120,CA075,OUTDOOR,30861,8.10058,1.89424,30860,2.9573,0.0581971,5.14328,7.20059,1.83604,36.5073,NULL,"2000-07-19 00:00:00","2000-07-21 00:00:00",,
CA066110,CA076,INDOOR,30845,7.80249,1.32041,30847,2.64308,0.0775394,5.1594,7.22317,1.24287,33.8749,NULL,"2000-07-26 00:00:00","2000-07-28 00:00:00",,
CA066120,CA076,OUTDOOR,30844,8.09159,1.67945,30848,2.42506,0.0852036,5.66653,7.93314,1.59425,29.9701,"","2000-07-26 00:00:00","1900-07-28 00:00:00",,
CA069110,CA079,INDOOR,31216,8.80447,1.94032,31217,3.13781,0.0619562,5.66666,7.93333,1.87836,35.6388,"","2000-09-05 00:00:00","2000-09-07 00:00:00",,
CA069120,CA079,OUTDOOR,31215,9.25436,2.23062,31218,2.92331,0.0824617,6.33105,8.86348,2.14816,31.5884,"","2000-09-05 00:00:00","2000-09-07 00:00:00",,
CA070110,CA080,INDOOR,31183,9.30609,2.05962,31177,3.42616,0,5.87993,8.23191,2.05962,36.8163,"","2000-09-11 00:00:00","2000-09-13 00:00:00",,
CA070120,CA080,OUTDOOR,31184,9.74279,2.38016,31178,3.54425,0.0167533,6.19855,8.67797,2.3634,36.3781,"","2000-09-11 00:00:00","2000-09-13 00:00:00",,
CA071110,CA081,INDOOR,31209,6.34861,1.0248,31207,2.75155,0.0310068,3.59706,5.03588,0.993796,43.341,"","2000-09-20 00:00:00","2000-09-22 00:00:00",,
CA071120,CA081,OUTDOOR,31210,4.10351,1.24803,31208,1.30997,0.0333089,2.79353,3.91095,1.21472,31.9233,"","2000-09-20 00:00:00","2000-09-22 00:00:00",,
CA077110,CA087,INDOOR,31172,6.86305,0.716888,31205,2.23138,0.0288652,4.63167,6.48434,0.688022,32.5129,"","2000-10-02 00:00:00","2000-10-04 00:00:00",,
CA077120,CA087,OUTDOOR,31171,4.11267,0.921507,31204,1.56066,0.0401423,2.55201,3.57282,0.881365,37.9476,"","2000-10-02 00:00:00","2000-10-04 00:00:00",,
CA003210,CA213,INDOOR,30355,6.89881,1.46029,30354,2.50504,0.0309383,4.39377,6.15128,1.42935,36.3112,"","1999-11-29 00:00:00","1999-12-01 00:00:00",,
CA003220,CA213,OUTDOOR,30352,6.70675,2.06419,30353,1.19584,0.0312287,5.51092,7.71528,2.03297,17.8303,"","1999-11-29 00:00:00","1999-12-01 00:00:00",,
CA010210,CA220,INDOOR,30461,5.08018,0.46976,30614,2.11714,0.10995,2.96304,4.14826,0.359809,41.6745,"","2000-03-29 00:00:00","2000-03-31 00:00:00",,
CA010220,CA220,OUTDOOR,30613,3.86112,0.69403,30615,1.41851,0.0362253,2.44261,3.41966,0.657805,36.7383,"","2000-03-29 00:00:00","2000-03-31 00:00:00",,
CA011210,CA221,INDOOR,30553,4.18102,0.502648,NULL,2.45672,0.065,1.7243,2.41402,0.437648,58.7589,"bkup OC was estimated from existing data","2000-03-01 00:00:00","2000-03-03 00:00:00",,
CA011220,CA221,OUTDOOR,30552,5.11994,1.20051,NULL,1.73651,0.065,3.38342,4.73679,1.13551,33.9167,"bkup OC was estimated from existing data","2000-03-01 00:00:00","2000-03-03 00:00:00",,
CA012210,CA222,INDOOR,30639,7.04278,0.971966,30640,2.44999,0.0207266,4.59279,6.42991,0.95124,34.7872,"","2000-03-21 00:00:00","2000-03-23 00:00:00",,
CA012220,CA222,OUTDOOR,30638,5.67092,1.15308,30641,1.66585,0.0504799,4.00507,5.6071,1.1026,29.3753,"","2000-03-21 00:00:00","2000-03-23 00:00:00",,
CA016210,CA226,INDOOR,30545,5.72628,0.985835,NULL,2.50778,0.065,3.21851,4.50591,0.920835,43.7942,"bkup OC was estimated from existing data","2000-03-07 00:00:00","2000-03-09 00:00:00",,
CA016220,CA226,OUTDOOR,30546,3.84322,1.17248,NULL,1.56014,0.065,2.28308,3.19631,1.10748,40.5946,"bkup OC was estimated from existing data","2000-03-07 00:00:00","2000-03-09 00:00:00",,
CA018210,CA228,INDOOR,30464,7.84757,0.592452,30465,2.40012,0.0217817,5.44745,7.62643,0.57067,30.5843,"","2000-04-06 00:00:00","2000-04-08 00:00:00",,
CA018220,CA228,OUTDOOR,30463,4.21172,0.701867,30467,1.58619,0.0749416,2.62553,3.67574,0.626925,37.6613,"","2000-04-06 00:00:00","2000-04-08 00:00:00",,
CA020210,CA230,INDOOR,30470,6.29234,0.612102,30469,2.61888,0.159826,3.67346,5.14285,0.452276,41.6201,"","2000-04-11 00:00:00","2000-04-13 00:00:00",,
CA020220,CA230,OUTDOOR,30472,4.66592,0.624875,30471,1.24649,0.0119608,3.41978,4.78769,0.612917,26.7148,"","2000-04-11 00:00:00","2000-04-13 00:00:00",,
CA029210,CA239,INDOOR,30870,10.7867,1.28959,30806,2.1007,0.0149887,8.68596,12.1603,1.2746,19.475,"","2000-06-21 00:00:00","2000-06-23 00:00:00",,
CA029220,CA239,OUTDOOR,30871,7.43387,1.21406,30805,2.09577,0.0274809,5.3381,7.47335,1.18657,28.1921,"","2000-06-21 00:00:00","2000-06-23 00:00:00",,
CA030210,CA240,INDOOR,30865,7.41078,1.60064,30863,2.98408,0.0492459,4.4267,6.19738,1.55139,40.2667,"","2000-06-28 00:00:00","2000-06-30 00:00:00",,
CA030220,CA240,OUTDOOR,30866,7.13312,1.64394,30864,2.71639,0.0489074,4.41673,6.18343,1.59504,38.0814,"","2000-06-28 00:00:00","2000-06-30 00:00:00",,
CA035210,CA245,INDOOR,31211,7.54,2.17744,31179,2.94311,-0.00101505,4.59689,6.43564,2.17846,39.0333,"","2000-09-13 00:00:00","2000-09-15 00:00:00",,
CA035220,CA245,OUTDOOR,31212,8.95449,2.79062,31180,3.21513,0.0237016,5.73936,8.0351,2.76692,35.9053,"","2000-09-13 00:00:00","2000-09-15 00:00:00",,
CA046210,CA256,INDOOR,31199,5.80937,0.862191,31202,4.00052,0.235794,1.80884,2.53238,0.626397,68.8633,"","2000-10-09 00:00:00","2000-10-11 00:00:00",,
CA046220,CA256,OUTDOOR,31200,3.92441,1.28171,31203,1.44882,0.100886,2.47559,3.46582,1.18082,36.9182,"","2000-10-09 00:00:00","2000-10-11 00:00:00",,
CA047210,CA257,INDOOR,31482,7.34597,3.23097,31483,2.90123,0.0371904,4.44475,6.22264,3.19378,39.4941,"","2000-10-31 00:00:00","2000-11-02 00:00:00",,
CA047220,CA257,OUTDOOR,31470,8.15933,4.69859,31484,1.65819,0.0569723,6.50114,9.1016,4.64162,20.3226,"","2000-10-31 00:00:00","2000-11-02 00:00:00",,
CA053210,CA263,INDOOR,31469,8.52155,3.24393,31462,3.13291,0.0322347,5.38864,7.5441,3.21169,36.7646,"","2000-11-20 00:00:00","2000-11-22 00:00:00",,
CA053220,CA263,OUTDOOR,31460,9.40315,3.87299,31461,2.08778,0.0670352,7.31537,10.2415,3.80595,22.203,"","2000-11-20 00:00:00","2000-11-22 00:00:00",,
CA061210,CA271,INDOOR,31465,7.16723,1.61054,31474,2.51318,0.00503815,4.65405,6.51567,1.6055,35.0649,"","2000-11-15 00:00:00","2000-11-17 00:00:00",,
CA061220,CA271,OUTDOOR,31473,6.29155,1.8198,31466,1.61562,0.0114881,4.67592,6.54629,1.80831,25.6793,"","2000-11-15 00:00:00","2000-11-17 00:00:00",,
CA062210,CA272,INDOOR,31453,8.13477,1.04176,31455,2.82379,0.00670664,5.31098,7.43537,1.03505,34.7126,"","2000-12-11 00:00:00","2000-12-13 00:00:00",,
CA062220,CA272,OUTDOOR,31456,4.65844,1.07104,31457,1.33055,0.0112685,3.32789,4.65905,1.05977,28.5621,"","2000-12-11 00:00:00","2000-12-13 00:00:00",,
CA077210,CA287,INDOOR,31620,14.6348,2.56776,31619,3.36945,0.00332406,11.2653,15.7715,2.56443,23.0236,"","2001-01-31 00:00:00","2001-02-02 00:00:00",,
CA077220,CA287,OUTDOOR,31618,8.79382,2.58383,31617,3.00648,0.0198095,5.78734,8.10227,2.56402,34.1886,"","2001-01-31 00:00:00","2001-02-02 00:00:00",,
TX103110,EX103,INDOOR,31271,10.9231,0.484122,NULL,3.29152,0.065,7.63159,10.6842,0.419122,30.1335,"bkup OC was estimated from existing data","2000-10-17 00:00:00","2000-10-19 00:00:00",,
TX103120,EX103,OUTDOOR,31282,5.96923,0.76238,NULL,2.17398,0.065,3.79525,5.31335,0.69738,36.4198,"bkup OC was estimated from existing data","2000-10-17 00:00:00","2000-10-19 00:00:00",,
TX104110,EX104,INDOOR,31291,9.21665,0.801717,NULL,3.23745,0.065,5.9792,8.37088,0.736717,35.1261,"bkup OC was estimated from existing data","2000-09-26 00:00:00","2000-09-28 00:00:00",,
TX104120,EX104,OUTDOOR,31290,12.3994,0.862572,NULL,2.62101,0.065,9.77842,13.6898,0.797572,21.1381,"bkup OC was estimated from existing data","2000-09-26 00:00:00","2000-09-28 00:00:00",,
TX104210,EX204,INDOOR,31412,10.9618,0.653354,NULL,3.29265,0.065,7.66914,10.7368,0.588354,30.0375,"bkup OC was estimated from existing data","2000-12-15 00:00:00","2000-12-17 00:00:00",,
TX104220,EX204,OUTDOOR,31414,3.8327,0.637873,NULL,1.94105,0.065,1.89165,2.64831,0.572873,50.6444,"bkup OC was estimated from existing data","2000-12-15 00:00:00","2000-12-17 00:00:00",,
TX106210,EX206,INDOOR,31537,10.2862,0.655862,NULL,3.2723,0.065,7.01394,9.81952,0.590862,31.8124,"bkup OC was estimated from existing data","2001-01-15 00:00:00","2001-01-17 00:00:00",,
TX106220,EX206,OUTDOOR,31416,4.58797,0.673965,NULL,2.03244,0.065,2.55552,3.57773,0.608965,44.2995,"bkup OC was estimated from existing data","2001-01-15 00:00:00","2001-01-17 00:00:00",,
NJ001110,NJ101,INDOOR,30041,7.9447,0.906888,30055,3.42758,0.0177329,4.51712,6.32397,0.889155,43.143,"","1999-06-08 00:00:00","1999-06-10 00:00:00",,
NJ001120,NJ101,OUTDOOR,30042,5.87309,1.05444,30059,2.37684,0.290883,3.49625,4.89475,0.763553,40.47,"","1999-06-08 00:00:00","1999-06-10 00:00:00",,
NJ002110,NJ102,INDOOR,30047,8.37247,1.06663,30043,3.06579,8.71405e-05,5.30667,7.42934,1.06654,36.6175,"","1999-06-23 00:00:00","1999-06-25 00:00:00",,
NJ002120,NJ102,OUTDOOR,30045,6.93576,0.938026,30044,2.41228,0.0186408,4.52348,6.33287,0.919385,34.7803,"","1999-06-23 00:00:00","1999-06-25 00:00:00",,
NJ003110,NJ103,INDOOR,30063,13.6287,1.84092,30069,3.14024,0.0483264,10.4884,14.6838,1.7926,23.0414,"","1999-07-13 00:00:00","1999-07-15 00:00:00",,
NJ003120,NJ103,OUTDOOR,30064,5.41837,2.00061,30067,2.11421,0.0672231,3.30416,4.62583,1.93339,39.0193,"","1999-07-13 00:00:00","1999-07-15 00:00:00",,
NJ004110,NJ104,INDOOR,30122,15.3624,3.16354,30120,3.15315,0.0353531,12.2093,17.093,3.12818,20.5251,"","1999-07-27 00:00:00","1999-07-29 00:00:00",,
NJ004120,NJ104,OUTDOOR,30123,8.25543,1.40601,30121,2.64664,0.107271,5.60879,7.85231,1.29874,32.0594,"","1999-07-27 00:00:00","1999-07-29 00:00:00",,
NJ005110,NJ105,INDOOR,30127,11.5296,2.17181,30129,3.07126,0.0046164,8.45838,11.8417,2.16719,26.638,"","1999-08-10 00:00:00","1999-08-12 00:00:00",,
NJ005120,NJ105,OUTDOOR,30126,8.02499,1.94869,30128,2.47567,0.0153479,5.54932,7.76905,1.93334,30.8495,"","1999-08-10 00:00:00","1999-08-12 00:00:00",,
NJ006110,NJ106,INDOOR,30132,10.4882,1.19299,30130,2.68318,0.0392359,7.80502,10.927,1.15376,25.5828,"","1999-08-23 00:00:00","1999-08-25 00:00:00",,
NJ006120,NJ106,OUTDOOR,30133,7.96599,1.21822,30131,2.76589,0.254196,5.2001,7.28014,0.964024,34.7212,"","1999-08-23 00:00:00","1999-08-25 00:00:00",,
NJ008110,NJ108,INDOOR,30147,5.27404,0.648656,30143,2.75829,0.0230528,2.51575,3.52205,0.625604,52.2994,"","1999-09-28 00:00:00","1999-09-30 00:00:00",,
NJ008120,NJ108,OUTDOOR,30148,2.52377,0.736517,30146,1.32978,0.00817455,1.19399,1.67159,0.728343,52.6901,"","1999-09-28 00:00:00","1999-09-30 00:00:00",,
NJ009110,NJ109,INDOOR,30252,9.31573,1.90813,30250,2.80652,0.198149,6.50921,9.11289,1.70998,30.1267,"","1999-09-30 00:00:00","1999-10-02 00:00:00",,
NJ009120,NJ109,OUTDOOR,30253,5.24081,1.30326,30251,1.58413,0.0155615,3.65669,5.11936,1.2877,30.2267,NULL,"1999-09-30 00:00:00","1999-10-02 00:00:00",,
NJ011110,NJ111,INDOOR,30269,9.1497,1.8823,30267,2.71393,0.0384582,6.43577,9.01008,1.84384,29.6614,NULL,"1999-10-19 00:00:00","1999-10-21 00:00:00",,
NJ011120,NJ111,OUTDOOR,30270,4.66934,2.1119,30268,1.3192,0.0633191,3.35014,4.6902,2.04858,28.2525,NULL,"1999-10-19 00:00:00","1999-10-21 00:00:00",,
NJ013110,NJ113,INDOOR,30275,8.16902,0.986945,30272,2.52244,0.0332012,5.64657,7.90521,0.953744,30.8782,NULL,"1999-10-27 00:00:00","1999-10-29 00:00:00",,
NJ013120,NJ113,OUTDOOR,30276,6.17447,1.43721,30273,1.33851,0.050948,4.83597,6.77035,1.38626,21.6781,NULL,"1999-10-27 00:00:00","1999-10-29 00:00:00",,
NJ014110,NJ114,INDOOR,30279,7.03614,1.46415,30277,1.61428,0.100362,5.42186,7.59061,1.36379,22.9427,NULL,"1999-11-01 00:00:00","1999-11-03 00:00:00",,
NJ014120,NJ114,OUTDOOR,30280,5.35595,1.87333,30278,2.97882,0.0413601,2.37712,3.32797,1.83197,55.6171,NULL,"1999-11-01 00:00:00","1999-11-03 00:00:00",,
NJ016110,NJ116,INDOOR,30286,17.0316,1.46596,30284,3.15272,0.0677595,13.8789,19.4304,1.3982,18.511,NULL,"1999-11-08 00:00:00","1999-11-10 00:00:00",,
NJ016120,NJ116,OUTDOOR,30285,8.92589,1.28484,30283,1.73994,0.0364091,7.18595,10.0603,1.24843,19.4932,NULL,"1999-11-08 00:00:00","1999-11-10 00:00:00",,
NJ018110,NJ118,INDOOR,30289,10.8326,0.79232,30287,3.1785,0.0374804,7.65408,10.7157,0.754839,29.342,NULL,"1999-11-15 00:00:00","1999-11-17 00:00:00",,
NJ018120,NJ118,OUTDOOR,30290,2.5072,0.644183,30288,1.63136,0.0260672,0.875838,1.22617,0.618115,65.067,NULL,"1999-11-15 00:00:00","1999-11-17 00:00:00",,
NJ020110,NJ120,INDOOR,30301,6.2965,0.802414,30293,2.41842,0.0418646,3.87809,5.42932,0.76055,38.4089,NULL,"1999-11-29 00:00:00","1999-12-01 00:00:00",,
NJ020120,NJ120,OUTDOOR,30302,4.36555,1.23996,30292,1.28877,0.052293,3.07678,4.30749,1.18766,29.5214,NULL,"1999-11-29 00:00:00","1999-12-01 00:00:00",,
NJ022110,NJ122,INDOOR,30307,5.44377,1.27788,30303,1.20229,0,4.24149,5.93808,1.27788,22.0855,NULL,"1999-12-20 00:00:00","1999-12-22 00:00:00",,
NJ022120,NJ122,OUTDOOR,30306,3.33414,1.38745,30304,1.59882,0.10093,1.73532,2.42945,1.28652,47.9529,NULL,"1999-12-20 00:00:00","1999-12-22 00:00:00",,
NJ023110,NJ123,INDOOR,30665,10.5034,1.11481,30663,3.2189,0.0135778,7.28449,10.1983,1.10123,30.6463,NULL,"2000-03-29 00:00:00","2000-03-31 00:00:00",,
NJ023120,NJ123,OUTDOOR,30664,2.68649,0.608818,30662,1.31294,0.0151866,1.37355,1.92297,0.593632,48.872,NULL,"2000-03-29 00:00:00","2000-03-31 00:00:00",,
NJ024110,NJ124,INDOOR,30323,4.24643,0.436421,30319,2.90672,0.0211376,1.33971,1.8756,0.415283,68.4509,NULL,"2000-01-26 00:00:00","2000-01-28 00:00:00",,
NJ024120,NJ124,OUTDOOR,30321,3.26262,0.843915,30320,1.16634,0.0998816,2.09628,2.93479,0.744033,35.7486,NULL,"2000-01-26 00:00:00","2000-01-28 00:00:00",,
NJ034110,NJ134,INDOOR,30667,10.0113,1.19224,30669,3.25391,0.0894645,6.75744,9.46042,1.10277,32.5022,NULL,"2000-03-15 00:00:00","2000-03-17 00:00:00",,
NJ034120,NJ134,OUTDOOR,30673,5.61785,1.43631,30670,1.60914,0.0760751,4.00871,5.61219,1.36024,28.6434,NULL,"2000-03-15 00:00:00","2000-03-17 00:00:00",,
NJ036110,NJ136,INDOOR,30650,8.08888,0.532757,30654,3.39045,0.115157,4.69843,6.5778,0.4176,41.915,NULL,"2000-04-05 00:00:00","2000-04-07 00:00:00",,
NJ036120,NJ136,OUTDOOR,30651,4.74452,0.748789,30653,1.90735,0.119233,2.83717,3.97204,0.629556,40.2011,NULL,"2000-04-05 00:00:00","2000-04-07 00:00:00",,
NJ037110,NJ137,INDOOR,30762,9.4485,0.647066,30760,3.09925,0.0488639,6.34925,8.88895,0.598202,32.8015,NULL,"2000-04-12 00:00:00","2000-04-14 00:00:00",,
NJ037120,NJ137,OUTDOOR,30761,3.38393,0.645071,30763,1.32654,0.0371529,2.0574,2.88035,0.607918,39.2011,NULL,"2000-04-12 00:00:00","2000-04-14 00:00:00",,
NJ039110,NJ139,INDOOR,30775,13.3952,1.1509,30771,3.17234,0.160244,10.2228,14.312,0.99066,23.6827,NULL,"2000-04-26 00:00:00","2000-04-28 00:00:00",,
NJ039120,NJ139,OUTDOOR,30774,4.2671,1.60656,30772,1.28215,0.0547875,2.98494,4.17892,1.55178,30.0474,NULL,"2000-04-26 00:00:00","2000-04-28 00:00:00",,
NJ040110,NJ140,INDOOR,30778,60.1411,0.858443,30776,3.41918,0.0378402,56.722,79.4107,0.820603,5.68526,NULL,"2000-05-03 00:00:00","2000-05-05 00:00:00",,
NJ040120,NJ140,OUTDOOR,30779,6.23883,1.78511,30777,2.23963,0.0457581,3.99919,5.59887,1.73935,35.8983,NULL,"2000-05-03 00:00:00","2000-05-05 00:00:00",,
NJ054110,NJ154,INDOOR,30886,28.6083,1.3986,30884,3.43443,0.0380354,25.1739,35.2434,1.36057,12.005,NULL,"2000-06-06 00:00:00","2000-06-08 00:00:00",,
NJ054120,NJ154,OUTDOOR,30887,5.39592,1.63968,30885,3.57465,0.10118,1.82127,2.54978,1.5385,66.2473,NULL,"2000-06-06 00:00:00","2000-06-08 00:00:00",,
NJ055110,NJ155,INDOOR,30890,10.2765,1.24297,30888,2.95758,0.0957209,7.31897,10.2466,1.14725,28.7799,NULL,"2000-06-13 00:00:00","2000-06-15 00:00:00",,
NJ055120,NJ155,OUTDOOR,30891,2.81863,1.26996,30889,1.16171,0.0852318,1.65693,2.3197,1.18473,41.2152,"","2000-06-13 00:00:00","2000-06-15 00:00:00",,
NJ060110,NJ160,INDOOR,30893,5.81066,0.575573,30892,3.55747,0.0265397,2.25319,3.15447,0.549034,61.2232,"","2000-06-20 00:00:00","2000-06-22 00:00:00",,
NJ060120,NJ160,OUTDOOR,31010,3.71336,0.694741,30894,1.61642,0.0339125,2.09694,2.93572,0.660829,43.5298,"","2000-06-20 00:00:00","2000-06-22 00:00:00",,
NJ065110,NJ165,INDOOR,31016,5.74405,0.946371,31015,3.32047,0.00759478,2.42358,3.39301,0.938776,57.8072,"","2000-06-27 00:00:00","2000-06-29 00:00:00",,
NJ065120,NJ165,OUTDOOR,31018,4.41558,0.98944,31017,1.76317,0.0401529,2.65241,3.71338,0.949287,39.9306,"","2000-06-27 00:00:00","2000-06-29 00:00:00",,
NJ068110,NJ168,INDOOR,31020,7.27281,0.541891,31019,3.96136,0.0712276,3.31146,4.63604,0.470664,54.468,"","2000-07-05 00:00:00","2000-07-07 00:00:00",,
NJ068120,NJ168,OUTDOOR,31022,4.74984,0.511187,31021,2.68187,0.0335861,2.06797,2.89516,0.477601,56.4623,"","2000-07-05 00:00:00","2000-07-07 00:00:00",,
NJ084110,NJ184,INDOOR,31430,4.10465,1.44706,NULL,2.67981,0.065,1.42484,1.99478,1.38206,65.2871,"bkup OC was estimated from existing data","2000-10-03 00:00:00","2000-10-05 00:00:00",,
NJ084120,NJ184,OUTDOOR,31432,11.98,3.2487,NULL,2.5171,0.065,9.46295,13.2481,3.1837,21.0107,"bkup OC was estimated from existing data","2000-10-03 00:00:00","2000-10-05 00:00:00",,
NJ088110,NJ188,INDOOR,31161,12.7857,1.99671,31160,3.38946,0.0412271,9.39623,13.1547,1.95548,26.5098,"","2000-09-19 00:00:00","2000-09-21 00:00:00",,
NJ088120,NJ188,OUTDOOR,31163,5.28453,1.73451,31162,1.39037,0.013488,3.89416,5.45183,1.72102,26.3102,"","2000-09-19 00:00:00","2000-09-21 00:00:00",,
NJ090110,NJ190,INDOOR,31434,6.85603,0.951372,31433,3.3336,0.0597232,3.52243,4.9314,0.891649,48.6229,"","2000-10-10 00:00:00","2000-10-12 00:00:00",,
NJ090120,NJ190,OUTDOOR,31436,4.43037,1.1768,31435,1.02502,0.0660607,3.40535,4.76749,1.11074,23.1363,"","2000-10-10 00:00:00","2000-10-12 00:00:00",,
NJ091110,NJ191,INDOOR,31445,7.28206,2.19063,NULL,3.0071,0.065,4.27496,5.98494,2.12563,41.2947,"bkup OC was estimated from existing data","2000-10-17 00:00:00","2000-10-19 00:00:00",,
NJ091120,NJ191,OUTDOOR,31446,4.62509,1.95583,NULL,1.64427,0.065,2.98082,4.17315,1.89083,35.551,"bkup OC was estimated from existing data","2000-10-17 00:00:00","2000-10-19 00:00:00",,
NJ094110,NJ194,INDOOR,31488,8.04502,0.756993,31486,3.92789,0.0759835,4.11713,5.76398,0.68101,48.8239,"","2000-10-31 00:00:00","2000-11-02 00:00:00",,
NJ094120,NJ194,OUTDOOR,31489,3.49482,0.872919,31487,1.21322,0.0574996,2.2816,3.19424,0.815419,34.7148,"","2000-10-31 00:00:00","2000-11-02 00:00:00",,
NJ095110,NJ195,INDOOR,31491,5.54132,0.557487,NULL,2.84643,0.065,2.69488,3.77283,0.492487,51.3675,"bkup OC was estimated from existing data","2000-10-31 00:00:00","2000-11-02 00:00:00",,
NJ095120,NJ195,OUTDOOR,31492,2.99261,0.696171,NULL,1.35326,0.065,1.63935,2.29509,0.631171,45.2201,"bkup OC was estimated from existing data","2000-10-31 00:00:00","2000-11-02 00:00:00",,
NJ098110,NJ198,INDOOR,31506,10.6288,1.01486,NULL,3.24458,0.065,7.38421,10.3379,0.949863,30.5263,"bkup OC was estimated from existing data","2000-11-14 00:00:00","2000-11-16 00:00:00",,
NJ098120,NJ198,OUTDOOR,31507,2.56909,1.7865,NULL,1.26396,0.065,1.30514,1.82719,1.7215,49.1986,"bkup OC was estimated from existing data","2000-11-14 00:00:00","2000-11-16 00:00:00",,
NJ099110,NJ199,INDOOR,31509,12.1824,0.97619,31508,3.76451,0.0431346,8.41791,11.7851,0.933055,30.9012,"","2000-12-05 00:00:00","2000-12-07 00:00:00",,
NJ099120,NJ199,OUTDOOR,31511,3.9608,0.857297,31510,1.5042,0.0686176,2.4566,3.43924,0.788679,37.9771,"","2000-12-05 00:00:00","2000-12-07 00:00:00",,
NJ001210,NJ201,INDOOR,30444,7.03997,1.52473,30674,2.94563,0.359187,4.09434,5.73208,1.16554,41.8415,"","2000-03-13 00:00:00","2000-03-15 00:00:00",,
NJ001220,NJ201,OUTDOOR,30443,5.45244,1.634,30442,1.31597,0.00681307,4.13648,5.79107,1.62719,24.1354,"","2000-03-13 00:00:00","2000-03-15 00:00:00",,
NJ002210,NJ202,INDOOR,30299,9.1101,3.42801,30298,2.64534,0.0848265,6.46476,9.05066,3.34318,29.0375,"","1999-12-13 00:00:00","1999-12-15 00:00:00",,
NJ002220,NJ202,OUTDOOR,30294,8.73539,3.71697,30297,2.55114,0.206368,6.18424,8.65794,3.51061,29.2047,"","1999-12-13 00:00:00","1999-12-15 00:00:00",,
NJ007210,NJ207,INDOOR,30877,5.48752,1.3447,NULL,2.84086,0.065,2.64666,3.70533,1.2797,51.7694,"bkup OC was estimated from existing data","2000-05-23 00:00:00","2000-05-25 00:00:00",,
NJ007220,NJ207,OUTDOOR,30878,3.80561,0.843631,NULL,1.50688,0.065,2.29873,3.21822,0.778631,39.5963,"bkup OC was estimated from existing data","2000-05-23 00:00:00","2000-05-25 00:00:00",,
NJ009210,NJ209,INDOOR,30310,8.47832,1.53194,30308,3.1179,0.0578787,5.36042,7.50459,1.47406,36.775,"","2000-01-11 00:00:00","2000-01-13 00:00:00",,
NJ009220,NJ209,OUTDOOR,30311,4.59492,2.21724,30309,2.09942,0.341606,2.4955,3.4937,1.87563,45.69,"","2000-01-11 00:00:00","2000-01-13 00:00:00",,
NJ010210,NJ210,INDOOR,30439,10.5934,2.62425,30438,2.31966,0.0731253,8.27376,11.5833,2.55112,21.8972,"","2000-03-07 00:00:00","2000-03-09 00:00:00",,
NJ010220,NJ210,OUTDOOR,30447,10.2582,2.92326,30437,1.96428,0.0982405,8.29396,11.6115,2.82502,19.1483,"","2000-03-07 00:00:00","2000-03-09 00:00:00",,
NJ014210,NJ214,INDOOR,30372,8.15464,1.01,30454,2.96753,0.0214524,5.18711,7.26195,0.988549,36.3907,"","2000-02-08 00:00:00","2000-02-10 00:00:00",,
NJ014220,NJ214,OUTDOOR,30451,7.80894,2.47516,30453,1.84105,0.0367617,5.96789,8.35505,2.4384,23.5762,"","2000-02-08 00:00:00","2000-02-10 00:00:00",,
NJ018210,NJ218,INDOOR,31024,18.0021,1.40711,31023,4.20358,0.0305845,13.7985,19.3179,1.37652,23.3505,"","2000-07-11 00:00:00","2000-07-13 00:00:00",,
NJ018220,NJ218,OUTDOOR,31026,5.70688,1.5669,31025,2.70727,0.0505338,2.99962,4.19946,1.51636,47.4386,"","2000-07-11 00:00:00","2000-07-13 00:00:00",,
NJ020210,NJ220,INDOOR,30648,8.84916,1.67685,30440,2.69144,0.0860224,6.15772,8.62081,1.59082,30.4146,"","2000-02-29 00:00:00","2000-03-02 00:00:00",,
NJ020220,NJ220,OUTDOOR,30649,5.41296,1.79747,30441,1.57157,0.0348554,3.84139,5.37795,1.76261,29.0334,"","2000-02-29 00:00:00","2000-03-02 00:00:00",,
NJ023210,NJ223,INDOOR,31029,7.78171,0.920728,31027,4.98263,0.048757,2.79908,3.91872,0.871971,64.03,"","2000-07-18 00:00:00","2000-07-20 00:00:00",,
NJ023220,NJ223,OUTDOOR,31030,3.67393,0.986136,31028,1.72408,0.00903395,1.94985,2.72979,0.977102,46.9274,"","2000-07-18 00:00:00","2000-07-20 00:00:00",,
NJ024210,NJ224,INDOOR,30767,4.56532,0.939232,30766,3.00555,0.0563399,1.55978,2.18369,0.882892,65.8343,"","2000-04-18 00:00:00","2000-04-20 00:00:00",,
NJ024220,NJ224,OUTDOOR,30764,3.60494,1.37961,30768,1.52116,0.000751181,2.08379,2.9173,1.37886,42.1964,"","2000-04-18 00:00:00","2000-04-20 00:00:00",,
NJ025210,NJ225,INDOOR,30782,7.72222,0.72585,30780,2.95535,0.0365348,4.76687,6.67362,0.689315,38.2707,"","2000-05-09 00:00:00","2000-05-11 00:00:00",,
NJ025220,NJ225,OUTDOOR,30783,7.41917,1.61714,30781,1.78479,0.0432431,5.63438,7.88813,1.57389,24.0565,"","2000-05-09 00:00:00","2000-05-11 00:00:00",,
NJ037210,NJ237,INDOOR,31528,6.66349,0.880128,31527,3.16591,0.0518542,3.49757,4.89661,0.828274,47.5114,"","2000-12-20 00:00:00","2000-12-22 00:00:00",,
NJ037220,NJ237,OUTDOOR,31530,4.05327,1.10994,31529,1.05752,0.0793514,2.99575,4.19406,1.03059,26.0904,"","2000-12-20 00:00:00","2000-12-22 00:00:00",,
NJ040210,NJ240,INDOOR,31098,15.9112,1.74978,NULL,3.51866,0.065,12.3926,17.3496,1.68478,22.1143,"bkup OC was estimated from existing data","2000-08-15 00:00:00","2000-08-17 00:00:00",,
NJ040220,NJ240,OUTDOOR,31099,5.63494,2.50603,NULL,1.79616,0.065,3.83878,5.37429,2.44103,31.8754,"bkup OC was estimated from existing data","2000-08-15 00:00:00","2000-08-17 00:00:00",,
NJ041210,NJ241,INDOOR,31138,6.27436,0.97362,31137,2.91148,0.0218151,3.36288,4.70803,0.951804,46.4028,"","2000-08-29 00:00:00","2000-08-31 00:00:00",,
NJ041220,NJ241,OUTDOOR,31140,4.40292,1.9893,31139,1.7205,0.0311157,2.68242,3.75539,1.95819,39.0763,"","2000-08-29 00:00:00","2000-08-31 00:00:00",,
NJ044210,NJ244,INDOOR,31131,11.8296,10.0452,NULL,3.31514,0.065,8.51449,11.9203,9.98021,28.024,"bkup OC was estimated from existing data","2000-08-22 00:00:00","2000-08-24 00:00:00",,
NJ044220,NJ244,OUTDOOR,31133,5.3038,1.37274,NULL,1.74815,0.065,3.55566,4.97792,1.30774,32.9602,"bkup OC was estimated from existing data","2000-08-22 00:00:00","2000-08-24 00:00:00",,
NJ054210,NJ254,INDOOR,31158,6.2635,1.22855,NULL,2.9174,0.065,3.34611,4.68455,1.16355,46.5777,"bkup OC was estimated from existing data","2000-09-12 00:00:00","2000-09-14 00:00:00",,
NJ054220,NJ254,OUTDOOR,31159,4.68626,1.705,NULL,1.65396,0.065,3.0323,4.24522,1.64,35.2938,"bkup OC was estimated from existing data","2000-09-12 00:00:00","2000-09-14 00:00:00",,
NJ057210,NJ257,INDOOR,31154,4.70428,0.86198,31153,3.31059,0.0485635,1.39369,1.95116,0.813416,70.374,"","2000-09-12 00:00:00","2000-09-14 00:00:00",,
NJ057220,NJ257,OUTDOOR,31156,2.98313,1.25158,31155,2.14173,0.0772009,0.841402,1.17796,1.17438,71.7946,"","2000-09-12 00:00:00","2000-09-14 00:00:00",,
NJ060210,NJ260,INDOOR,31168,5.41351,0.983624,31167,2.80212,0.0741033,2.61139,3.65595,0.909521,51.7616,"","2000-09-26 00:00:00","2000-09-28 00:00:00",,
NJ060220,NJ260,OUTDOOR,31425,3.10104,1.12091,31169,1.11937,0.172052,1.98167,2.77433,0.948853,36.0967,"","2000-09-26 00:00:00","2000-09-28 00:00:00",,
NJ076210,NJ276,INDOOR,31582,23.4412,1.39848,31581,4.18412,0.120314,19.2571,26.9599,1.27816,17.8494,"","2001-01-09 00:00:00","2001-01-11 00:00:00",,
NJ076220,NJ276,OUTDOOR,31584,4.40545,1.16591,31583,1.08377,0.0820054,3.32168,4.65035,1.0839,24.6006,"","2001-01-09 00:00:00","2001-01-11 00:00:00",,
NJ080210,NJ280,INDOOR,31502,5.80658,0.903664,31501,3.4198,0.0505894,2.38678,3.34149,0.853074,58.8953,"","2000-11-14 00:00:00","2000-11-16 00:00:00",,
NJ080220,NJ280,OUTDOOR,31504,3.14089,0.970005,31503,1.22668,0.0146828,1.91421,2.67989,0.955322,39.0552,"","2000-11-14 00:00:00","2000-11-16 00:00:00",,
NJ084210,NJ284,INDOOR,31578,8.79007,1.28931,31577,3.82998,0.0639387,4.96009,6.94413,1.22538,43.5716,"","2001-01-03 00:00:00","2001-01-05 00:00:00",,
NJ084220,NJ284,OUTDOOR,31580,5.14257,1.45155,31579,1.00917,0.0804242,4.1334,5.78676,1.37113,19.6238,"","2001-01-03 00:00:00","2001-01-05 00:00:00",,
NJ088210,NJ288,INDOOR,31517,45.2911,1.92085,NULL,4.34204,0.065,40.949,57.3286,1.85585,9.58696,"bkup OC was estimated from existing data","2000-12-05 00:00:00","2000-12-07 00:00:00",,
NJ088220,NJ288,OUTDOOR,31518,4.75075,1.13073,NULL,1.6641,0.065,3.08664,4.3213,1.06573,35.0283,"bkup OC was estimated from existing data","2000-12-05 00:00:00","2000-12-07 00:00:00",,
NJ092210,NJ292,INDOOR,31589,7.14706,0.934957,NULL,2.99581,0.065,4.15125,5.81175,0.869957,41.9167,"bkup OC was estimated from existing data","2001-01-16 00:00:00","2001-01-18 00:00:00",,
NJ092220,NJ292,OUTDOOR,31591,3.36147,0.604445,NULL,1.4255,0.065,1.93597,2.71036,0.539445,42.407,"bkup OC was estimated from existing data","2001-01-16 00:00:00","2001-01-18 00:00:00",,
NJ094210,NJ294,INDOOR,31642,9.65054,1.59686,31641,3.60387,0.0306918,6.04667,8.46534,1.56617,37.3437,"","2001-02-13 00:00:00","2001-02-15 00:00:00",,
NJ094220,NJ294,OUTDOOR,31644,5.64572,1.61253,31643,1.20849,0.0296822,4.43723,6.21212,1.58285,21.4055,"","2001-02-13 00:00:00","2001-02-15 00:00:00",,
NJ099210,NJ299,INDOOR,31638,24.9965,1.23229,31637,4.73211,0.0850189,20.2643,28.3701,1.14727,18.9311,"","2001-02-06 00:00:00","2001-02-08 00:00:00",,
NJ099220,NJ299,OUTDOOR,31640,4.86244,1.08046,31639,1.50305,0.0533043,3.35939,4.70315,1.02715,30.9114,"","2001-02-06 00:00:00","2001-02-08 00:00:00",,
TX013110,TX013,INDOOR,30178,16.915,0.59148,30173,3.06882,0.0725704,13.8462,19.3846,0.51891,18.1426,"","1999-10-04 00:00:00","1999-10-06 00:00:00",,
TX013120,TX013,OUTDOOR,30176,10.3387,0.930448,30172,2.65128,0.0359748,7.68742,10.7624,0.894474,25.6442,"","1999-10-04 00:00:00","1999-10-06 00:00:00",,
TX015110,TX015,INDOOR,30189,11.0389,0.431432,30186,2.88989,0.000373695,8.14899,11.4086,0.431058,26.1792,"","1999-10-19 00:00:00","1999-10-21 00:00:00",,
TX015120,TX015,OUTDOOR,30191,7.57206,0.680344,30187,1.66268,0.0263448,5.90938,8.27314,0.654,21.9581,"","1999-10-19 00:00:00","1999-10-21 00:00:00",,
TX016110,TX016,INDOOR,30389,13.9528,1.2316,30391,4.53006,0.177393,9.42279,13.1919,1.05421,32.4669,"","1999-11-15 00:00:00","1999-11-17 00:00:00",,
TX016120,TX016,OUTDOOR,30195,10.0362,1.47388,30393,2.20741,0.0398129,7.82875,10.9603,1.43407,21.9946,"","1999-11-15 00:00:00","1999-11-17 00:00:00",,
TX017110,TX017,INDOOR,30028,5.85935,0.420135,30031,2.31079,0.0336485,3.54856,4.96798,0.386487,39.4377,"","1999-12-01 00:00:00","1999-12-03 00:00:00",,
TX017120,TX017,OUTDOOR,30027,7.23163,0.655189,30029,1.59654,0.0423769,5.63509,7.88913,0.612812,22.0772,NULL,"1999-12-01 00:00:00","1999-12-03 00:00:00",,
TX018110,TX018,INDOOR,30331,12.5634,1.06368,30328,3.2314,0.0746898,9.33195,13.0647,0.988993,25.7208,NULL,"1999-12-21 00:00:00","1999-12-23 00:00:00",,
TX018120,TX018,OUTDOOR,30330,6.61906,1.04652,30326,1.94607,0.0366194,4.67299,6.54219,1.0099,29.401,NULL,"1999-12-21 00:00:00","1999-12-23 00:00:00",,
TX020110,TX020,INDOOR,30426,5.49366,0.292906,30427,2.92022,0.0294482,2.57344,3.60282,0.263458,53.1561,NULL,"2000-01-03 00:00:00","2000-01-05 00:00:00",,
TX020120,TX020,OUTDOOR,30594,5.26301,0.511684,30035,1.87586,0.0306102,3.38715,4.74201,0.481074,35.6424,NULL,"2000-01-03 00:00:00","2000-01-05 00:00:00",,
TX021110,TX021,INDOOR,30591,9.80108,0.491387,30597,2.57482,0.0145371,7.22625,10.1168,0.47685,26.2708,NULL,"2000-01-05 00:00:00","2000-01-07 00:00:00",,
TX021120,TX021,OUTDOOR,30605,3.75697,0.362378,30598,1.10306,0.0356235,2.65392,3.71548,0.326755,29.3603,NULL,"2000-01-05 00:00:00","2000-01-07 00:00:00",,
TX023110,TX023,INDOOR,30498,6.63318,0.39083,30489,2.67491,0.0357005,3.95828,5.54159,0.35513,40.3261,NULL,"2000-02-09 00:00:00","2000-02-11 00:00:00",,
TX023120,TX023,OUTDOOR,30497,2.24084,0.478869,30490,1.33585,0.0455846,0.90499,1.26699,0.433284,59.6139,NULL,"2000-02-09 00:00:00","2000-02-11 00:00:00",,
TX024110,TX024,INDOOR,30509,6.21006,0.0856236,30503,3.00934,0.0354797,3.20072,4.48101,0.0501439,48.4591,NULL,"2000-02-16 00:00:00","2000-02-18 00:00:00",,<DL
TX024120,TX024,OUTDOOR,30507,1.59593,0.260983,30504,1.33813,0.0380163,0.257802,0.360922,0.222966,83.8463,NULL,"2000-02-16 00:00:00","2000-02-18 00:00:00",<DL,
TX025110,TX025,INDOOR,30501,7.15407,0.347664,30494,3.20551,0.0381002,3.94856,5.52799,0.309564,44.8068,NULL,"2000-02-14 00:00:00","2000-02-16 00:00:00",,
TX025120,TX025,OUTDOOR,30500,3.54774,0.478702,30491,1.31401,0.0468073,2.23372,3.12721,0.431894,37.0381,NULL,"2000-02-14 00:00:00","2000-02-16 00:00:00",,
TX030110,TX030,INDOOR,30520,6.94665,0.288876,30525,2.94938,0.0411678,3.99727,5.59618,0.247709,42.4576,NULL,"2000-02-23 00:00:00","2000-02-25 00:00:00",,
TX030120,TX030,OUTDOOR,30526,3.02148,0.381605,30521,1.66954,0.0638965,1.35194,1.89272,0.317708,55.2557,NULL,"2000-02-23 00:00:00","2000-02-25 00:00:00",,
TX032110,TX032,INDOOR,30433,9.19583,1.70008,30429,2.54392,0.0502316,6.65191,9.31268,1.64985,27.6638,NULL,"2000-02-28 00:00:00","2000-03-01 00:00:00",,
TX032120,TX032,OUTDOOR,30432,3.16812,0.702745,30431,1.91387,0.036641,1.25425,1.75594,0.666104,60.4104,NULL,"2000-02-28 00:00:00","2000-03-01 00:00:00",,
TX034110,TX034,INDOOR,30588,4.03878,0.229984,30584,2.6792,0.0260189,1.35957,1.9034,0.203965,66.337,NULL,"2000-03-13 00:00:00","2000-03-15 00:00:00",,
TX034120,TX034,OUTDOOR,30587,2.31397,0.316927,30585,0.990105,0.0339332,1.32386,1.85341,0.282994,42.7882,NULL,"2000-03-13 00:00:00","2000-03-15 00:00:00",,
TX036110,TX036,INDOOR,30618,13.8,1.867,30624,3.19672,0.0271526,10.6033,14.8446,1.8398,23.1646,NULL,"2000-03-15 00:00:00","2000-03-17 00:00:00",,
TX036120,TX036,OUTDOOR,30619,7.70593,1.35675,30623,1.96138,0.101863,5.74455,8.04237,1.25489,25.4529,NULL,"2000-03-15 00:00:00","2000-03-17 00:00:00",,
TX037110,TX037,INDOOR,30627,4.97555,0.265782,30630,2.81663,0.0254053,2.15892,3.02249,0.240377,56.6095,NULL,"2000-03-20 00:00:00","2000-03-22 00:00:00",,
TX037120,TX037,OUTDOOR,30625,2.17882,0.315349,30631,1.23302,0.0279073,0.945796,1.32412,0.287442,56.5913,NULL,"2000-03-20 00:00:00","2000-03-22 00:00:00",,
TX039110,TX039,INDOOR,30636,7.33143,1.29524,30635,2.75033,0.0376326,4.58109,6.41353,1.2576,37.5143,NULL,"2000-03-22 00:00:00","2000-03-24 00:00:00",,
TX039120,TX039,OUTDOOR,30637,3.40724,0.694564,30634,0.871343,0.0341704,2.53589,3.55025,0.660393,25.5733,NULL,"2000-03-22 00:00:00","2000-03-24 00:00:00",,
TX042110,TX042,INDOOR,30679,14.5602,0.806034,30677,3.73631,0.0561854,10.8239,15.1534,0.749849,25.6612,NULL,"2000-03-27 00:00:00","2000-03-29 00:00:00",,
TX042120,TX042,OUTDOOR,30678,12.3769,0.864395,30676,2.05168,0.0325009,10.3252,14.4553,0.831894,16.5766,NULL,"2000-03-27 00:00:00","2000-03-29 00:00:00",,
TX043110,TX043,INDOOR,30691,9.98575,0.399835,30689,3.25564,0.0438591,6.73011,9.42216,0.355976,32.6029,NULL,"2000-03-29 00:00:00","2000-03-31 00:00:00",,
TX043120,TX043,OUTDOOR,30692,5.74746,0.559397,30690,2.82803,0.0485173,2.91943,4.0872,0.51088,49.2048,NULL,"2000-03-29 00:00:00","2000-03-31 00:00:00",,
TX044110,TX044,INDOOR,30698,21.9034,0.324332,30687,3.33113,0.0400512,18.5723,26.0012,0.28428,15.2082,NULL,"2000-04-03 00:00:00","2000-04-05 00:00:00",,
TX044120,TX044,OUTDOOR,30695,4.81765,0.557193,30693,1.61357,0.0453626,3.20408,4.48572,0.51183,33.4929,NULL,"2000-04-03 00:00:00","2000-04-05 00:00:00",,
TX045110,TX045,INDOOR,30699,9.04946,0.696314,30694,2.93784,0.0795384,6.11162,8.55627,0.616775,32.4642,NULL,"2000-04-03 00:00:00","2000-04-05 00:00:00",,
TX045120,TX045,OUTDOOR,30696,4.4139,0.673857,30686,1.84992,0.156282,2.56398,3.58958,0.517575,41.9112,NULL,"2000-04-03 00:00:00","2000-04-05 00:00:00",,
TX046110,TX046,INDOOR,30710,10.5257,0.185763,30681,3.00469,0.0332047,7.521,10.5294,0.152559,28.5463,NULL,"2000-04-05 00:00:00","2000-04-07 00:00:00",,
TX046120,TX046,OUTDOOR,30709,2.70459,0.28681,30684,1.93582,0.0714632,0.768768,1.07627,0.215347,71.5754,NULL,"2000-04-05 00:00:00","2000-04-07 00:00:00",,
TX049110,TX049,INDOOR,30715,6.50698,0.176118,30718,2.82034,0.036376,3.68664,5.16129,0.139742,43.3433,NULL,"2000-04-12 00:00:00","2000-04-14 00:00:00",,
TX049120,TX049,OUTDOOR,30716,3.24867,0.276508,30717,1.43876,0.0433123,1.80991,2.53387,0.233196,44.2877,NULL,"2000-04-12 00:00:00","2000-04-14 00:00:00",,
TX050110,TX050,INDOOR,30722,7.72768,0.553792,30721,4.456,0.102063,3.27168,4.58035,0.45173,57.6629,NULL,"2000-04-17 00:00:00","2000-04-19 00:00:00",,
TX050120,TX050,OUTDOOR,30723,6.64042,0.843816,30720,5.17588,0.250808,1.46454,2.05035,0.593008,77.9451,NULL,"2000-04-17 00:00:00","2000-04-19 00:00:00",,
TX051110,TX051,INDOOR,30752,7.69437,0.869413,30725,3.22729,0.116182,4.46708,6.25392,0.753232,41.9435,NULL,"2000-04-19 00:00:00","2000-04-21 00:00:00",,
TX051120,TX051,OUTDOOR,30755,7.71504,1.28514,30753,2.50113,0.0915186,5.21391,7.29947,1.19362,32.4189,NULL,"2000-04-19 00:00:00","2000-04-21 00:00:00",,
TX052110,TX052,INDOOR,30758,7.55151,0.468334,30756,3.26735,0.0530988,4.28415,5.99782,0.415235,43.2675,NULL,"2000-04-26 00:00:00","2000-04-28 00:00:00",,
TX052120,TX052,OUTDOOR,30757,6.06015,0.553394,30754,5.47274,0.169695,0.587411,0.822376,0.383699,90.307,NULL,"2000-04-26 00:00:00","2000-04-28 00:00:00",,
TX056110,TX056,INDOOR,30748,8.72018,0.645071,30702,3.36946,0.0289153,5.35073,7.49102,0.616155,38.6398,NULL,"2000-05-08 00:00:00","2000-05-10 00:00:00",,
TX056120,TX056,OUTDOOR,30749,3.70679,0.499812,30701,2.41236,0.0361279,1.29443,1.8122,0.463684,65.0796,NULL,"2000-05-08 00:00:00","2000-05-10 00:00:00",,
TX057110,TX057,INDOOR,30747,10.0371,0.302713,30703,2.14012,0.102433,7.89695,11.0557,0.20028,21.3221,NULL,"2000-05-08 00:00:00","2000-05-10 00:00:00",,
TX057120,TX057,OUTDOOR,30746,3.09492,0.355008,30700,2.2891,0.0300654,0.805828,1.12816,0.324943,73.9629,NULL,"2000-05-08 00:00:00","2000-05-10 00:00:00",,
TX059110,TX059,INDOOR,30708,7.9238,0.472354,31114,2.62611,0.0433404,5.29769,7.41677,0.429014,33.142,NULL,"2000-05-10 00:00:00","2000-05-12 00:00:00",,
TX059120,TX059,OUTDOOR,30707,4.06879,0.404185,31113,1.81328,0.0470708,2.25551,3.15772,0.357114,44.5655,NULL,"2000-05-10 00:00:00","2000-05-12 00:00:00",,
TX064110,TX064,INDOOR,31122,23.7907,0.550453,31121,3.95427,0.0722711,19.8364,27.771,0.478182,16.6211,NULL,"2000-05-17 00:00:00","2000-05-19 00:00:00",,
TX064120,TX064,OUTDOOR,31116,2.66968,0.614632,31119,1.84917,0.0342131,0.820513,1.14872,0.580419,69.2655,NULL,"2000-05-17 00:00:00","2000-05-19 00:00:00",,
TX072110,TX072,INDOOR,30706,6.83188,0.351545,31118,3.02594,0.0770875,3.80594,5.32831,0.274457,44.2915,NULL,"2000-06-05 00:00:00","2000-06-07 00:00:00",,
TX072120,TX072,OUTDOOR,30901,4.83113,0.416924,30905,2.16769,0.0425146,2.66344,3.72881,0.37441,44.8692,NULL,"2000-06-05 00:00:00","2000-06-07 00:00:00",,
TX073110,TX073,INDOOR,30902,8.77754,0.363629,30904,4.33893,0.0865389,4.43861,6.21405,0.27709,49.4322,NULL,"2000-06-05 00:00:00","2000-06-07 00:00:00",,
TX073120,TX073,OUTDOOR,30900,5.2104,0.745165,31120,2.3301,0.0838927,2.8803,4.03242,0.661272,44.7202,NULL,"2000-06-05 00:00:00","2000-06-07 00:00:00",,
TX074110,TX074,INDOOR,30909,9.55355,1.40403,30907,4.44908,0.0604971,5.10447,7.14626,1.34354,46.5699,NULL,"2000-06-07 00:00:00","2000-06-09 00:00:00",,
TX074120,TX074,OUTDOOR,30910,4.80365,0.877823,30908,2.83749,0.0324541,1.96616,2.75263,0.845368,59.0694,NULL,"2000-06-07 00:00:00","2000-06-09 00:00:00",,
TX076110,TX076,INDOOR,30915,6.63727,1.66945,30914,4.24756,0.0194436,2.3897,3.34559,1.65001,63.9957,NULL,"2000-06-12 00:00:00","2000-06-14 00:00:00",,
TX076120,TX076,OUTDOOR,30911,2.69301,0.324598,30913,2.59944,0.0266049,0.0935726,0.131002,0.297993,96.5254,NULL,"2000-06-12 00:00:00","2000-06-14 00:00:00",<DL,
TX092110,TX092,INDOOR,31255,19.7588,0.783257,31258,3.64817,0.027818,16.1107,22.5549,0.755439,18.4635,NULL,"2000-09-05 00:00:00","2000-09-07 00:00:00",,
TX092120,TX092,OUTDOOR,31260,12.1033,1.00294,31259,3.97743,0.0367895,8.12588,11.3762,0.966152,32.8623,NULL,"2000-09-05 00:00:00","2000-09-07 00:00:00",,
TX001210,TX201,INDOOR,31542,4.80234,0.516615,31545,3.53404,0.0692162,1.2683,1.77562,0.447399,73.59,NULL,"2001-02-07 00:00:00","2001-02-09 00:00:00",,
TX001220,TX201,OUTDOOR,31543,2.15338,0.481501,31547,1.75521,0.045013,0.39817,0.557438,0.436488,81.5095,NULL,"2001-02-07 00:00:00","2001-02-09 00:00:00",,
TX002210,TX202,INDOOR,30163,7.85961,6.5179,30164,3.29678,0.0927312,4.56283,6.38797,6.42517,41.9458,NULL,"1999-09-15 00:00:00","1999-09-17 00:00:00",,
TX002220,TX202,OUTDOOR,30160,9.81892,1.13437,30165,3.20075,0.00824075,6.61818,9.26545,1.12613,32.5977,NULL,"1999-09-15 00:00:00","1999-09-17 00:00:00",,
TX003210,TX203,INDOOR,30449,3.82843,0.473742,30435,3.44048,0.0424278,0.387955,0.543137,0.431314,89.8665,NULL,"2000-03-01 00:00:00","2000-03-03 00:00:00",,
TX003220,TX203,OUTDOOR,30436,2.81603,0.687348,30434,1.51516,0.0201146,1.30087,1.82122,0.667233,53.8047,NULL,"2000-03-01 00:00:00","2000-03-03 00:00:00",,
TX005210,TX205,INDOOR,30096,14.3318,1.38737,30196,3.02882,0.0377923,11.303,15.8242,1.34958,21.1335,NULL,"1999-11-08 00:00:00","1999-11-10 00:00:00",,
TX005220,TX205,OUTDOOR,30095,6.5947,1.18263,30197,1.79324,0.0379221,4.80146,6.72204,1.14471,27.1921,NULL,"1999-11-08 00:00:00","1999-11-10 00:00:00",,
TX008210,TX208,INDOOR,30023,22.7262,1.78759,30384,2.69926,0.0539983,20.0269,28.0376,1.73359,11.8773,NULL,"1999-11-29 00:00:00","1999-12-01 00:00:00",,
TX008220,TX208,OUTDOOR,30024,11.4067,2.04895,30382,2.06159,0.0465626,9.34508,13.0831,2.00238,18.0736,NULL,"1999-11-29 00:00:00","1999-12-01 00:00:00",,
TX009210,TX209,INDOOR,30380,11.3186,0.490793,30373,3.09179,0.00683557,8.22678,11.5175,0.483957,27.3161,NULL,"1999-11-22 00:00:00","1999-11-24 00:00:00",,
TX009220,TX209,OUTDOOR,30378,7.62852,0.916759,30374,1.97075,0.0162335,5.65777,7.92088,0.900526,25.834,NULL,"1999-11-22 00:00:00","1999-11-24 00:00:00",,
TX010210,TX210,INDOOR,30034,15.7916,1.85439,30488,2.63642,0.0838841,13.1551,18.4172,1.7705,16.6952,NULL,"1999-12-21 00:00:00","1999-12-23 00:00:00",,
TX010220,TX210,OUTDOOR,30325,6.50593,1.15391,30329,2.50653,0.262163,3.99939,5.59915,0.891749,38.5269,NULL,"1999-12-21 00:00:00","1999-12-23 00:00:00",,
TX012210,TX212,INDOOR,30336,10.0191,0.881649,30338,2.4934,0.0273668,7.52572,10.536,0.854282,24.8864,NULL,"2000-01-13 00:00:00","2000-01-15 00:00:00",,
TX012220,TX212,OUTDOOR,30335,5.16404,1.43378,30339,1.44805,0.0256513,3.71599,5.20238,1.40813,28.041,NULL,"2000-01-13 00:00:00","2000-01-15 00:00:00",,
TX013210,TX213,INDOOR,30333,21.4607,0.982785,30600,3.90445,0.0542347,17.5563,24.5788,0.92855,18.1935,NULL,"2000-01-11 00:00:00","2000-01-13 00:00:00",,
TX013220,TX213,OUTDOOR,30602,2.34936,0.867073,30593,1.58766,0.0245286,0.761702,1.06638,0.842544,67.5784,NULL,"2000-01-11 00:00:00","2000-01-13 00:00:00",,
TX014210,TX214,INDOOR,30346,16.3818,0.780182,30344,2.41953,0.024149,13.9623,19.5472,0.756033,14.7696,NULL,"2000-01-31 00:00:00","2000-02-04 00:00:00",,
TX014220,TX214,OUTDOOR,30348,6.30014,0.951653,30342,1.45346,0.0430468,4.84668,6.78535,0.908606,23.0703,"","2000-01-31 00:00:00","2000-02-04 00:00:00",,
TX015210,TX215,INDOOR,30347,5.65811,0.335059,30345,3.0699,0,2.58821,3.62349,0.335059,54.2567,"","2000-01-31 00:00:00","2000-02-04 00:00:00",,
TX015220,TX215,OUTDOOR,30349,6.34997,0.671043,30341,1.68369,0.0419849,4.66627,6.53278,0.629058,26.515,"","2000-01-31 00:00:00","2000-02-04 00:00:00",,
TX018210,TX218,INDOOR,30531,22.4249,0.513308,30529,2.68727,0.0228591,19.7376,27.6326,0.490449,11.9834,"","2000-03-10 00:00:00","2000-03-12 00:00:00",,
TX018220,TX218,OUTDOOR,30532,5.35981,0.530533,30530,2.12796,0.0251558,3.23185,4.52458,0.505377,39.7022,"","2000-03-10 00:00:00","2000-03-12 00:00:00",,
TX021210,TX221,INDOOR,30928,6.19521,0.4791,NULL,3.11446,0.065,3.08075,4.31305,0.4141,50.2721,"bkup OC was estimated from existing data","2000-06-26 00:00:00","2000-06-28 00:00:00",,
TX021220,TX221,OUTDOOR,30924,3.36369,0.795958,NULL,1.87731,0.065,1.48638,2.08093,0.730958,55.811,"bkup OC was estimated from existing data","2000-06-26 00:00:00","2000-06-28 00:00:00",,
TX026210,TX226,INDOOR,30935,4.36714,0.25897,30941,2.96691,0.0238799,1.40024,1.96033,0.23509,67.937,"","2000-07-05 00:00:00","2000-07-07 00:00:00",,
TX026220,TX226,OUTDOOR,30936,3.56685,0.565275,30940,2.12929,0.024544,1.43755,2.01257,0.540731,59.6968,"","2000-07-05 00:00:00","2000-07-07 00:00:00",,
TX029210,TX229,INDOOR,30972,5.8229,0.19793,30969,3.6937,0.0236568,2.12919,2.98087,0.174273,63.4341,"","2000-07-26 00:00:00","2000-07-28 00:00:00",,
TX029220,TX229,OUTDOOR,30971,3.09292,0.335173,30970,2.69867,0.00388958,0.394248,0.551947,0.331284,87.2532,"","2000-07-26 00:00:00","2000-07-28 00:00:00",,
TX031210,TX231,INDOOR,30966,10.6689,0.188394,30964,4.05839,0.0143031,6.6105,9.25469,0.174091,38.0395,"","2000-07-24 00:00:00","2000-07-26 00:00:00",,
TX031220,TX231,OUTDOOR,31069,4.46259,0.539261,30961,4.4218,0.0758904,0.0407885,0.0571039,0.46337,99.086,"","2000-07-24 00:00:00","2000-07-26 00:00:00",<DL,
TX032210,TX232,INDOOR,30978,6.64602,0.820118,30975,2.65296,0,3.99306,5.59028,0.820118,39.918,"","2000-07-31 00:00:00","2000-08-02 00:00:00",,
TX032220,TX232,OUTDOOR,30976,4.65369,1.40709,30977,2.7124,0.00135588,1.94129,2.7178,1.40573,58.285,"","2000-07-31 00:00:00","2000-08-02 00:00:00",,
TX033210,TX233,INDOOR,31223,4.54983,0.300265,31242,1.32181,0.0248005,3.22801,4.51922,0.275464,29.0519,"","2000-11-07 00:00:00","2000-11-09 00:00:00",,
TX033220,TX233,OUTDOOR,31222,2.63734,0.46355,31225,1.11311,0.0253524,1.52423,2.13393,0.438198,42.2056,NULL,"2000-11-07 00:00:00","2000-11-09 00:00:00",,
TX043210,TX243,INDOOR,30979,6.24661,0.609455,30983,4.28894,0,1.95767,2.74074,0.609455,68.6603,NULL,"2000-08-02 00:00:00","2000-08-04 00:00:00",,
TX043220,TX243,OUTDOOR,30990,2.82225,0.832534,30986,1.0131,0.0974551,1.80915,2.5328,0.735079,35.8969,NULL,"2000-08-02 00:00:00","2000-08-04 00:00:00",,
TX044210,TX244,INDOOR,31275,11.9105,0.339523,31281,3.83175,0.00473533,8.07879,11.3103,0.334788,32.1711,NULL,"2000-09-19 00:00:00","2000-09-21 00:00:00",,
TX044220,TX244,OUTDOOR,31273,2.62255,0.495688,31279,2.19904,0.0438387,0.423512,0.592916,0.45185,83.8511,NULL,"2000-09-19 00:00:00","2000-09-21 00:00:00",,
TX049210,TX249,INDOOR,31036,11.4771,0.525337,31040,4.47769,0.146968,6.99939,9.79914,0.378369,39.0142,NULL,"2000-08-16 00:00:00","2000-08-18 00:00:00",,
TX049220,TX249,OUTDOOR,31035,6.22749,1.197,31038,2.46221,0.0552855,3.76528,5.2714,1.14171,39.5377,NULL,"2000-08-16 00:00:00","2000-08-18 00:00:00",,
TX050210,TX250,INDOOR,31043,5.82266,0.280577,31048,3.61384,0.0303178,2.20882,3.09235,0.250259,62.0651,NULL,"2000-08-21 00:00:00","2000-08-23 00:00:00",,
TX050220,TX250,OUTDOOR,31044,20.7418,0.556624,31047,2.49072,0.0303644,18.2511,25.5515,0.526259,12.0082,NULL,"2000-08-21 00:00:00","2000-08-23 00:00:00",,
TX051210,TX251,INDOOR,31042,6.14035,0.359814,31061,3.49944,0.0222598,2.64091,3.69727,0.337555,56.9909,NULL,"2000-08-21 00:00:00","2000-08-23 00:00:00",,
TX051220,TX251,OUTDOOR,31041,3.96107,0.669829,31049,2.65654,0.0111614,1.30453,1.82634,0.658668,67.0662,NULL,"2000-08-21 00:00:00","2000-08-23 00:00:00",,
TX052210,TX252,INDOOR,31270,13.6967,0.856998,31229,3.50404,0.0517413,10.1927,14.2698,0.805256,25.583,NULL,"2000-10-17 00:00:00","2000-10-19 00:00:00",,
TX052220,TX252,OUTDOOR,31272,6.63961,0.872485,31284,1.99138,0.0513269,4.64823,6.50752,0.821158,29.9924,NULL,"2000-10-17 00:00:00","2000-10-19 00:00:00",,
TX053210,TX253,INDOOR,31294,27.9341,0.760551,31227,3.84891,0.0553814,24.0852,33.7193,0.70517,13.7785,NULL,"2000-11-02 00:00:00","2000-11-04 00:00:00",,
TX053220,TX253,OUTDOOR,31224,2.48966,0.799878,31226,1.64458,0.0789015,0.845073,1.1831,0.720977,66.0566,NULL,"2000-11-02 00:00:00","2000-11-04 00:00:00",,
TX054210,TX254,INDOOR,31409,18.7335,1.02621,31406,3.4712,0.0313468,15.2623,21.3672,0.994863,18.5294,NULL,"2000-11-14 00:00:00","2000-11-16 00:00:00",,
TX054220,TX254,OUTDOOR,31408,5.75376,0.868277,31407,1.21043,0.0449415,4.54334,6.36067,0.823336,21.0371,"","2000-11-14 00:00:00","2000-11-16 00:00:00",,
TX059210,TX259,INDOOR,31292,9.05339,0.571306,31241,4.68235,0.0344468,4.37103,6.11945,0.536859,51.7194,"","2000-10-03 00:00:00","2000-10-05 00:00:00",,
TX059220,TX259,OUTDOOR,31293,3.47488,0.842696,31287,3.16367,0.0170278,0.311208,0.43569,0.825668,91.0441,"","2000-10-03 00:00:00","2000-10-05 00:00:00",,
TX063210,TX263,INDOOR,31056,15.7292,0.299497,NULL,3.41064,0.065,12.3185,17.2459,0.234497,21.6836,"bkup OC was estimated from existing data","2000-08-23 00:00:00","2000-08-25 00:00:00",,
TX063220,TX263,OUTDOOR,31060,3.07885,0.6461,NULL,1.8353,0.065,1.24355,1.74098,0.5811,59.6098,"bkup OC was estimated from existing data","2000-08-23 00:00:00","2000-08-25 00:00:00",,
TX072210,TX272,INDOOR,31234,8.07946,0.830635,31233,3.61074,0.327514,4.46871,6.2562,0.503121,44.6904,"","2000-09-12 00:00:00","2000-09-14 00:00:00",,
TX072220,TX272,OUTDOOR,31235,5.0858,1.04059,31230,2.8322,0.0320993,2.2536,3.15503,1.00849,55.6885,"","2000-09-12 00:00:00","2000-09-14 00:00:00",,
TX073210,TX273,INDOOR,31246,7.27831,0.486587,31250,4.32887,0.0419512,2.94945,4.12922,0.444636,59.4762,"","2000-08-30 00:00:00","2000-09-01 00:00:00",,
TX073220,TX273,OUTDOOR,31247,6.72807,1.12989,31251,5.01825,0.0394344,1.70981,2.39374,1.09046,74.5869,"","2000-08-30 00:00:00","2000-09-01 00:00:00",,
TX074210,TX274,INDOOR,31252,7.35688,1.00467,31245,4.13328,0.0118031,3.22361,4.51305,0.992869,56.1824,"","2000-08-30 00:00:00","2000-09-01 00:00:00",,
TX074220,TX274,OUTDOOR,31248,7.09393,1.0675,31249,5.04453,0.0451405,2.0494,2.86916,1.02236,71.1105,"","2000-08-30 00:00:00","2000-09-01 00:00:00",,
