,ozone
5666,36.00000000000001
3943,35.0
7548,23.0
3806,28.0
6209,32.0
5241,20.0
1607,40.0
1759,30.0
4441,26.0
1845,34.0
2553,57.99999999999999
8250,47.0
2011,24.0
6536,46.0
3290,35.0
1918,50.0
8373,65.0
7339,38.0
6805,45.0
5483,34.0
5458,30.0
8405,53.0
7696,44.00000000000001
6645,20.0
2216,40.99999999999999
5027,38.0
5338,19.0
1948,26.0
8425,39.0
2310,38.0
8356,68.0
2264,16.0
8271,22.0
2156,37.00000000000001
2485,76.0
8093,38.0
8316,35.0
3729,40.0
5524,27.0
3746,27.0
3884,39.0
6022,21.0
4547,42.0
5112,25.0
6651,22.0
5759,42.0
7586,22.0
3552,35.0
1807,37.00000000000001
8514,27.0
4628,43.0
6165,18.0
7262,67.0
2840,47.0
8178,22.0
2123,43.0
2015,23.0
6578,31.0
5679,35.0
4424,40.0
3319,45.0
2759,25.0
1889,18.0
2054,61.0
2018,33.0
3465,54.00000000000001
2968,35.0
5232,19.0
7502,25.0
2267,28.0
5151,30.0
5838,50.0
3145,18.0
7042,27.0
2030,42.0
5742,40.99999999999999
4760,31.0
2697,55.99999999999999
2590,63.0
5390,47.0
4221,27.0
2427,40.99999999999999
5065,55.0
6113,34.0
2058,77.0
3581,30.0
1528,25.0
7372,27.0
1893,20.0
1564,40.99999999999999
4100,39.0
6637,60.0
3120,24.0
4920,37.00000000000001
5586,23.0
6616,28.0
5609,23.0
6563,53.0
7176,40.99999999999999
2226,11.0
4300,30.0
1868,70.0
2428,40.99999999999999
8055,31.0
7633,19.0
3068,37.00000000000001
3338,45.0
5288,69.0
5766,40.0
8691,29.0
4349,18.0
6443,29.0
2516,57.99999999999999
3764,36.00000000000001
4314,30.0
3293,45.0
3443,19.0
1765,33.0
5257,27.0
4489,23.0
2758,25.0
5297,71.0
3743,40.0
1681,43.0
2280,33.0
2891,64.0
1925,60.0
4211,42.0
7497,26.0
1731,36.00000000000001
4886,24.0
4636,34.0
3390,51.0
7432,34.0
7331,50.0
6069,25.0
6241,39.0
5522,18.0
2898,49.0
3809,28.0
5738,49.0
4042,29.0
6704,28.0
3791,29.0
2331,21.0
8131,37.00000000000001
1545,20.0
8523,23.0
2174,36.00000000000001
8198,28.0
3770,33.0
1606,49.0
5076,48.0
4500,52.00000000000001
5134,19.0
6685,15.0
2067,51.0
3504,23.0
6428,26.0
6416,34.0
3238,37.00000000000001
3168,44.00000000000001
8300,46.0
5153,45.0
2059,70.0
6690,19.0
8566,13.0
3006,33.0
7501,25.0
1853,38.0
6394,36.00000000000001
8609,39.0
7354,29.0
4473,32.0
1563,40.99999999999999
6021,21.0
2006,21.0
4291,39.0
6484,25.0
4596,35.0
7575,19.0
4714,49.0
3970,38.0
6412,26.0
7070,35.0
6852,61.0
4353,34.0
8411,22.0
2936,33.0
6419,44.00000000000001
8577,31.0
3541,33.0
2629,35.0
5412,55.99999999999999
5433,30.0
3734,34.0
6181,57.0
3173,33.0
2423,20.0
1817,74.00000000000001
7275,45.0
4422,34.0
5811,23.0
5345,33.0
8525,34.0
7245,55.0
4586,28.0
4523,20.0
5080,57.0
5430,51.0
1593,43.0
3052,17.0
4284,37.00000000000001
1548,22.0
2651,23.0
5470,29.0
5377,64.0
6359,25.0
6541,36.00000000000001
6143,30.0
7060,34.0
2647,40.99999999999999
5915,51.0
1561,45.0
7175,40.99999999999999
5695,32.0
2976,45.0
8290,29.0
7579,42.0
6382,30.0
1747,27.0
3652,44.00000000000001
4611,48.0
5698,35.0
5987,57.0
3530,39.0
8532,37.00000000000001
8318,35.0
5574,25.0
5735,28.0
7270,34.0
5394,45.0
8557,20.0
2720,17.0
3521,71.0
7173,38.0
4290,39.0
1764,33.0
1949,26.0
8286,29.0
1742,70.0
2408,36.00000000000001
5179,36.00000000000001
8545,36.00000000000001
7355,29.0
2557,49.0
2364,27.0
1492,36.00000000000001
1834,31.0
2182,33.0
2549,43.0
2578,30.0
4824,11.0
8398,43.0
4546,34.0
3472,55.99999999999999
4584,28.0
6264,19.0
4146,42.0
7653,46.0
1541,16.0
8636,34.0
7242,55.0
4771,22.0
7120,27.0
2335,21.0
1885,22.0
6287,25.0
2785,29.0
7691,33.0
2677,23.0
5964,34.0
6368,33.0
6291,27.0
8217,36.00000000000001
4103,46.0
7199,49.0
2160,40.0
4852,14.0
7039,26.0
4580,40.0
3010,47.0
3104,21.0
8188,23.0
6239,46.0
1848,32.0
7658,33.0
5657,36.00000000000001
2752,21.0
6144,25.0
3716,57.0
2580,27.0
3003,31.0
4414,24.0
3544,29.0
1658,50.0
4070,25.0
6139,23.0
3626,20.0
7020,28.0
8199,25.0
3459,26.0
5612,30.0
1628,26.0
7547,23.0
3555,25.0
1822,53.0
8082,31.0
6804,40.99999999999999
3658,54.00000000000001
2737,39.0
1549,22.0
8140,60.0
3000,40.0
6027,35.0
3448,31.0
5042,15.0
3744,40.0
5336,34.0
5209,29.0
7303,28.0
4074,26.0
6713,48.0
2867,47.0
6631,31.0
3036,15.0
3453,42.0
2824,81.0
8057,32.0
3057,30.0
6338,24.0
5417,55.99999999999999
7202,39.0
8296,52.00000000000001
6500,43.0
5613,26.0
6588,49.0
3325,42.0
6252,34.0
4113,40.0
7416,36.00000000000001
3324,34.0
6049,15.0
5739,49.0
3080,30.0
1861,54.00000000000001
8322,42.0
6531,42.0
6413,26.0
7484,26.0
4012,18.0
4874,34.0
3816,4.0
7376,23.0
2815,26.0
3019,57.0
2980,37.00000000000001
5097,77.0
3714,47.0
5350,63.0
3278,54.00000000000001
2966,32.0
2051,62.0
4837,21.0
1744,70.0
3180,34.0
3361,26.0
2514,62.0
3411,62.0
8551,37.00000000000001
5796,44.00000000000001
7041,27.0
8289,29.0
5420,63.0
8677,45.0
5709,50.0
4188,45.0
5537,38.0
5645,43.0
8530,43.0
4733,29.0
2988,35.0
6352,18.0
2995,44.00000000000001
7388,24.0
7203,39.0
4449,70.0
3647,37.00000000000001
8614,31.0
3613,34.0
7277,57.0
3942,35.0
5446,23.0
3908,26.0
2568,30.0
6158,52.00000000000001
8625,22.0
4807,25.0
4064,29.0
3832,28.0
4185,32.0
7591,23.0
5077,48.0
4770,20.0
2555,63.0
3929,30.0
2620,54.00000000000001
5690,45.0
2333,22.0
5322,57.0
7630,23.0
8658,49.0
2809,27.0
5637,29.0
3471,55.99999999999999
5648,37.00000000000001
3026,40.0
4593,21.0
4699,36.00000000000001
7644,28.0
4050,44.00000000000001
5437,31.0
5626,32.0
4264,38.0
1496,35.0
2028,44.00000000000001
2628,35.0
4964,23.0
8148,74.00000000000001
4681,57.99999999999999
5492,26.0
4258,26.0
6824,46.0
3271,43.0
4857,12.0
8155,78.0
1996,29.0
7180,55.0
6596,21.0
6692,19.0
4996,40.99999999999999
3688,67.0
5919,37.00000000000001
8332,31.0
2055,75.0
5176,42.0
4484,35.0
2716,25.0
8534,22.0
8558,12.0
1877,45.0
7364,24.0
1968,22.0
2008,23.0
4004,9.000000000000002
7145,40.0
2151,51.0
6664,16.0
4437,40.99999999999999
2639,29.0
5598,34.0
3646,37.00000000000001
3344,30.0
4196,46.0
3913,40.0
8626,22.0
4334,54.00000000000001
4890,44.00000000000001
1966,22.0
7624,5.0
4806,25.0
6125,48.0
8189,30.0
6495,40.0
8370,33.0
8438,48.0
5935,64.0
6235,52.00000000000001
2014,24.0
6871,45.0
6516,31.0
7625,5.0
3215,35.0
7642,28.0
1574,34.0
4537,61.0
3464,54.00000000000001
7674,18.0
3855,11.0
7374,27.0
5634,34.0
6226,46.0
4436,40.99999999999999
2570,32.0
3839,37.00000000000001
1533,37.00000000000001
2644,91.0
6182,57.0
4362,20.0
1671,48.0
4848,17.0
8554,37.00000000000001
3097,37.00000000000001
3896,20.0
7566,88.00000000000001
6089,24.0
6725,18.0
3337,62.0
5912,40.99999999999999
3266,51.0
2685,55.0
2330,19.0
2169,32.0
2301,19.0
2200,32.0
6615,28.0
6242,48.0
7526,29.0
3268,53.0
3628,52.00000000000001
4241,61.0
6538,46.0
5797,44.00000000000001
8622,31.0
4858,12.0
3062,26.0
2909,40.99999999999999
8027,44.00000000000001
1982,22.0
2164,42.0
2223,14.0
5950,20.0
2313,32.0
2064,57.0
4711,38.0
7341,48.0
2277,31.0
8284,29.0
6700,27.0
1805,37.00000000000001
3865,22.0
4179,40.0
7229,47.0
5768,53.0
3682,86.0
4687,86.0
4043,29.0
8479,35.0
3137,31.0
7617,45.0
5929,32.0
2172,31.0
6295,40.0
6297,25.0
4268,43.0
8065,49.0
1690,47.0
2832,24.0
4656,22.0
1662,43.0
4999,33.0
3412,45.0
6052,36.00000000000001
5947,18.0
8179,23.0
3833,28.0
6675,32.0
8656,29.0
8144,60.0
8428,43.0
4585,28.0
4008,23.0
4189,49.0
5143,32.0
6092,22.0
2253,21.0
3470,32.0
7053,29.0
8116,39.0
6854,49.0
7077,21.0
2162,42.0
4574,57.99999999999999
4562,26.0
5403,50.0
6599,27.0
8594,42.0
4160,40.99999999999999
6397,40.0
7044,29.0
3547,38.0
4091,13.0
7394,23.0
6075,31.0
6307,13.0
2498,23.0
1836,28.0
4821,16.0
4603,12.0
5829,36.00000000000001
5800,51.0
6859,33.0
5713,31.0
6603,26.0
5908,18.0
5205,28.0
2228,31.0
6138,24.0
4209,42.0
5272,21.0
4599,15.0
1794,55.0
4303,54.00000000000001
7589,23.0
7529,37.00000000000001
4679,54.00000000000001
5074,39.0
4192,44.00000000000001
8021,57.99999999999999
4102,46.0
8241,64.0
2386,22.0
2986,42.0
7237,53.0
6357,28.0
4447,57.0
5067,40.0
8177,22.0
2446,33.0
1754,61.0
3695,26.0
1965,23.0
6877,44.00000000000001
8044,59.00000000000001
3223,40.0
1815,34.0
4124,26.0
2655,57.0
7185,37.00000000000001
2467,33.0
2100,40.0
4260,26.0
7198,55.0
2342,33.0
3355,49.0
6838,48.0
3902,27.0
8403,35.0
1827,55.99999999999999
6149,39.0
8427,43.0
7546,21.0
6310,20.0
8153,68.0
7381,23.0
7315,42.0
3588,22.0
8583,24.0
3143,18.0
6458,28.0
4059,19.0
3860,10.0
6084,21.0
4698,39.0
1729,53.0
1884,28.0
8105,25.0
5096,73.0
3260,40.99999999999999
8520,33.0
3351,55.0
3138,31.0
2913,15.0
7573,37.00000000000001
1998,29.0
7492,21.0
5827,47.0
4111,30.0
5694,32.0
3570,20.0
5957,26.0
6070,24.0
2352,22.0
2225,11.0
4501,52.00000000000001
3269,53.0
3424,57.0
6535,35.0
2787,74.00000000000001
6849,38.0
5482,34.0
6337,36.00000000000001
2851,32.0
5175,42.0
7602,40.0
2229,31.0
4745,30.0
5476,38.0
7223,28.0
4478,34.0
5030,30.0
8133,48.0
8546,39.0
2241,22.0
4768,20.0
4237,64.0
2369,36.00000000000001
4014,23.0
6789,27.0
3616,34.0
2897,43.0
5515,2.0
7391,23.0
8400,43.0
6395,36.00000000000001
6630,25.0
5629,33.0
3425,57.0
5761,42.0
4978,40.99999999999999
6653,21.0
3357,31.0
4651,32.0
4193,44.00000000000001
6457,49.0
2353,22.0
4504,57.99999999999999
5128,26.0
7244,55.0
5456,37.00000000000001
6140,23.0
5258,27.0
2274,32.0
1488,30.0
4350,18.0
3740,29.0
5681,35.0
2863,32.0
5318,77.0
1771,33.0
8333,31.0
5963,34.0
6872,45.0
8106,25.0
3041,34.0
2701,67.0
4145,42.0
7305,26.0
2682,38.0
6808,52.00000000000001
4663,35.0
6712,28.0
5142,32.0
3923,27.0
4834,2.0
6681,18.0
8331,35.0
2573,32.0
7334,30.0
4650,28.0
7450,85.0
7232,24.0
5233,19.0
5509,39.0
6247,33.0
3904,33.0
6097,18.0
4988,13.0
3949,31.0
8096,26.0
5177,54.00000000000001
8496,30.0
2487,44.00000000000001
1995,27.0
3213,22.0
2254,21.0
1673,42.0
7050,29.0
5891,42.0
8518,36.00000000000001
3320,45.0
3585,24.0
7072,39.0
7466,67.0
2474,53.0
4243,59.00000000000001
4225,54.00000000000001
3507,18.0
4736,36.00000000000001
5536,47.0
3415,33.0
8357,79.0
7278,57.0
4324,28.0
8389,30.0
5900,43.0
8202,21.0
8243,59.00000000000001
3091,36.00000000000001
3043,31.0
2159,34.0
2074,55.99999999999999
3295,40.99999999999999
5914,51.0
2145,40.99999999999999
8245,47.0
2821,53.0
3939,36.00000000000001
6669,21.0
2177,47.0
4180,40.0
6716,55.0
7587,36.00000000000001
8580,42.0
6826,31.0
2092,54.00000000000001
3127,25.0
5406,47.0
6579,31.0
2339,39.0
8122,38.0
4312,55.99999999999999
8278,29.0
6253,34.0
3721,46.0
2437,40.0
7600,34.0
8252,46.0
3236,26.0
3346,19.0
5491,26.0
3007,40.99999999999999
8265,31.0
2261,15.0
3761,38.0
8653,44.00000000000001
2712,22.0
4673,47.0
8288,24.0
2929,50.0
6393,36.00000000000001
8662,57.99999999999999
1615,32.0
3059,27.0
6483,25.0
8467,22.0
6550,31.0
4704,40.0
5969,38.0
4524,20.0
1551,40.99999999999999
4582,18.0
2911,26.0
7490,18.0
4765,15.0
1558,28.0
5639,30.0
2406,27.0
3753,66.0
5270,21.0
5202,16.0
3611,52.00000000000001
7487,25.0
2548,43.0
8511,40.99999999999999
1522,24.0
3336,62.0
3781,35.0
3577,68.0
5167,60.0
3636,33.0
4255,25.0
2281,40.99999999999999
8151,68.0
5525,28.0
5050,24.0
3354,55.0
1906,16.0
4917,33.0
1814,34.0
7688,28.0
8637,40.0
4808,27.0
2318,25.0
4817,35.0
5858,40.99999999999999
5157,51.0
2745,38.0
5878,43.0
1653,36.00000000000001
4803,15.0
1501,38.0
3313,55.0
3447,31.0
8434,15.0
3419,43.0
8650,47.0
4528,27.0
5980,54.00000000000001
7352,29.0
6043,27.0
4149,23.0
6718,25.0
4780,29.0
3034,31.0
3835,31.0
3281,50.0
4329,19.0
7184,53.0
1531,36.00000000000001
7054,29.0
3146,24.0
8203,37.00000000000001
4927,35.0
7613,37.00000000000001
3924,27.0
6348,19.0
3751,51.0
2893,53.0
4553,21.0
7413,38.0
2646,40.99999999999999
8081,31.0
6004,21.0
7040,26.0
3774,36.00000000000001
2739,30.0
7069,35.0
4954,20.0
4632,27.0
6474,32.0
7300,36.00000000000001
4720,23.0
3314,55.0
5904,25.0
5425,47.0
5802,48.0
6257,48.0
3416,43.0
2472,46.0
6151,35.0
3526,71.0
8392,37.00000000000001
3988,31.0
8279,29.0
4576,57.99999999999999
4208,42.0
3834,31.0
2233,37.00000000000001
7685,21.0
2319,25.0
5866,59.00000000000001
6057,25.0
5373,62.0
3323,34.0
7064,35.0
3737,29.0
5530,45.0
2024,55.0
2192,40.0
3270,53.0
7572,37.00000000000001
8422,45.0
3812,38.0
3492,22.0
2268,28.0
5846,32.0
5326,57.99999999999999
2120,55.0
8461,48.0
7361,28.0
8123,32.0
3353,55.0
8152,68.0
5893,18.0
7134,22.0
3656,55.0
5932,30.0
3298,44.00000000000001
4693,39.0
8674,54.00000000000001
8104,24.0
6173,38.0
2063,50.0
7263,61.0
2581,27.0
5253,25.0
2762,20.0
5221,19.0
5864,60.0
3202,33.0
3931,30.0
2662,55.99999999999999
6116,26.0
4994,44.00000000000001
7213,53.0
6418,39.0
8643,47.0
5976,31.0
7252,61.0
1952,25.0
3649,37.00000000000001
3712,47.0
8458,50.0
5231,19.0
7449,67.0
1933,31.0
4245,59.00000000000001
3635,33.0
5055,28.0
2046,38.0
6698,30.0
4643,35.0
8589,38.0
2515,57.99999999999999
2466,33.0
8302,61.0
2395,29.0
3624,20.0
2193,36.00000000000001
7280,84.0
1920,50.0
4223,62.0
4881,34.0
6105,20.0
2671,17.0
7560,20.0
1967,22.0
6341,18.0
2942,42.0
1928,49.0
4621,31.0
1811,29.0
6283,40.99999999999999
8628,29.0
6650,22.0
8472,37.00000000000001
6652,21.0
2533,35.0
2429,48.0
3282,50.0
8624,6.999999999999999
3112,20.0
2917,52.00000000000001
6282,40.99999999999999
1830,48.0
2801,36.00000000000001
4947,32.0
6624,23.0
6594,21.0
1566,48.0
6840,52.00000000000001
5451,48.0
4543,40.99999999999999
5095,73.0
2206,32.0
2469,32.0
6319,12.0
2387,22.0
6868,35.0
2928,50.0
4642,34.0
2019,28.0
4152,23.0
5321,57.0
5834,60.0
6375,27.0
4191,44.00000000000001
2780,27.0
7276,45.0
1798,73.0
2724,33.0
7011,27.0
3674,23.0
3718,57.0
7360,28.0
6540,45.0
3776,29.0
6434,37.00000000000001
6661,25.0
7059,34.0
2221,26.0
6103,17.0
1489,40.99999999999999
4240,61.0
7365,24.0
5850,45.0
3262,40.99999999999999
7592,30.0
5623,24.0
2419,19.0
4976,44.00000000000001
4075,26.0
6547,33.0
6300,19.0
1970,22.0
5906,25.0
8494,22.0
1576,28.0
8366,39.0
8679,54.00000000000001
2636,33.0
2304,28.0
3122,23.0
8095,26.0
8657,30.0
6727,20.0
5685,39.0
1955,29.0
4541,40.99999999999999
6331,36.00000000000001
5137,23.0
3349,40.99999999999999
2861,30.0
1592,43.0
5765,40.0
8068,53.0
4739,35.0
7510,38.0
2263,12.0
1727,69.0
6451,48.0
6120,40.0
2591,49.0
8692,48.0
3679,51.0
1813,34.0
3838,37.00000000000001
4697,39.0
7329,49.0
2288,31.0
2494,36.00000000000001
3810,34.0
5251,24.0
7056,24.0
6243,48.0
5793,61.0
2751,21.0
5062,37.00000000000001
3158,32.0
7034,25.0
2410,36.00000000000001
2149,46.0
5276,27.0
5398,40.0
5710,50.0
2518,75.0
8602,34.0
3962,32.0
8308,33.0
5396,45.0
8487,40.99999999999999
3520,62.0
3398,30.0
6020,21.0
1570,32.0
3308,50.0
7210,43.0
3442,19.0
2020,32.0
3573,22.0
2833,24.0
7397,40.0
2212,32.0
3698,25.0
1829,48.0
6584,50.0
3968,38.0
3118,24.0
6408,27.0
5367,43.0
6073,22.0
5952,21.0
2157,37.00000000000001
5874,35.0
1523,19.0
1797,69.0
6301,15.0
3363,20.0
6494,40.0
5723,50.0
4542,40.99999999999999
7163,45.0
4134,39.0
5531,45.0
7610,29.0
3055,30.0
2183,33.0
4810,27.0
8623,27.0
7519,45.0
2371,34.0
3283,50.0
6271,40.0
3196,44.00000000000001
4734,32.0
7140,24.0
6071,24.0
5250,24.0
5627,32.0
5868,51.0
4789,37.00000000000001
6078,29.0
3804,16.0
4694,32.0
2807,29.0
2458,26.0
2299,19.0
4407,25.0
4475,34.0
2283,32.0
6883,28.0
1839,31.0
3845,32.0
3653,55.0
7013,11.0
2108,75.0
8192,34.0
7523,22.0
3510,29.0
4968,18.0
5680,35.0
1540,16.0
2378,30.0
4762,32.0
8154,78.0
4175,40.0
3549,38.0
4786,40.99999999999999
3132,19.0
4851,9.000000000000002
7322,31.0
2010,24.0
1639,23.0
1683,36.00000000000001
6671,24.0
2358,21.0
5109,37.00000000000001
4172,48.0
2721,19.0
5047,25.0
7637,33.0
6220,28.0
4013,18.0
8492,45.0
7319,48.0
3051,17.0
4328,19.0
3364,20.0
4649,28.0
8406,53.0
3921,24.0
8593,36.00000000000001
3203,33.0
3672,20.0
3244,40.0
6702,32.0
7164,46.0
6449,49.0
4548,42.0
6450,49.0
5877,43.0
8457,50.0
4916,33.0
2813,21.0
1597,26.0
8277,25.0
6050,15.0
1842,28.0
3801,33.0
3101,23.0
6602,26.0
5025,49.0
8343,34.0
4549,40.0
4923,40.0
4840,22.0
5808,32.0
1865,68.0
6288,25.0
6174,38.0
5954,24.0
4801,15.0
5351,59.00000000000001
7543,32.0
4502,52.00000000000001
6229,47.0
6433,37.00000000000001
6424,21.0
3256,47.0
6192,38.0
4246,59.00000000000001
1651,40.0
6031,26.0
2789,69.0
7451,85.0
5662,36.00000000000001
3606,55.0
4835,24.0
3195,44.00000000000001
3821,24.0
2025,55.0
3807,28.0
7571,48.0
8649,49.0
3805,28.0
8347,31.0
3969,38.0
8319,51.0
7220,43.0
4653,17.0
5814,40.0
7197,59.00000000000001
2109,75.0
5211,19.0
3070,36.00000000000001
3546,24.0
2565,40.99999999999999
4526,20.0
3169,37.00000000000001
4503,57.99999999999999
1668,60.0
6610,55.0
1974,30.0
6101,17.0
8273,18.0
5544,29.0
1515,46.0
6851,40.0
2777,28.0
3590,24.0
2782,25.0
2866,47.0
6694,17.0
2982,44.00000000000001
6082,22.0
3382,43.0
6240,39.0
5594,32.0
3161,47.0
4905,14.0
3050,17.0
2987,42.0
2102,40.0
6814,62.0
3867,13.0
1915,38.0
2956,46.0
4230,47.0
4637,34.0
6811,57.0
6779,42.0
6542,36.00000000000001
3489,26.0
2880,49.0
2849,32.0
7062,36.00000000000001
7689,28.0
7623,8.0
5788,62.0
3671,20.0
4776,16.0
4104,40.99999999999999
2005,21.0
8524,34.0
1999,22.0
5024,49.0
5757,38.0
5121,17.0
4322,28.0
2368,27.0
7504,25.0
3441,22.0
4361,20.0
2710,28.0
3113,20.0
2520,75.0
5949,20.0
8683,38.0
3778,28.0
3756,45.0
1619,28.0
1936,28.0
4068,29.0
7043,29.0
7166,48.0
2690,38.0
5756,38.0
4965,23.0
3227,37.00000000000001
3697,25.0
5817,43.0
5939,59.00000000000001
6354,32.0
6572,55.99999999999999
4515,21.0
5611,30.0
3092,34.0
1526,31.0
5163,81.0
2842,52.00000000000001
3808,28.0
6730,31.0
7179,51.0
3580,30.0
2638,29.0
4598,20.0
3451,20.0
2403,40.99999999999999
5238,22.0
2468,33.0
6600,27.0
6721,55.0
8362,45.0
8109,38.0
4986,21.0
3851,6.0
2536,33.0
4032,40.0
3008,40.99999999999999
3409,62.0
6621,36.00000000000001
2491,33.0
4961,33.0
8358,38.0
5352,59.00000000000001
5780,20.0
5310,31.0
3719,46.0
3321,44.00000000000001
6582,50.0
2314,32.0
3922,24.0
5592,32.0
7423,27.0
7639,18.0
7508,24.0
7443,53.0
4885,24.0
4352,34.0
1819,57.0
5510,31.0
5542,29.0
3407,52.00000000000001
3630,65.0
7282,67.0
5168,60.0
4420,36.00000000000001
4937,27.0
8537,17.0
8686,81.0
5052,10.0
1507,35.0
4638,26.0
8613,35.0
7392,23.0
7503,25.0
8414,15.0
8137,19.0
3799,33.0
8459,60.0
5286,69.0
1728,53.0
4790,37.00000000000001
6607,51.0
8314,27.0
7338,38.0
3367,49.0
2673,24.0
3066,29.0
5564,18.0
4865,39.0
3696,25.0
3410,62.0
7201,39.0
6277,50.0
7614,37.00000000000001
4220,25.0
2490,44.00000000000001
2430,48.0
4509,36.00000000000001
2889,48.0
7648,49.0
3941,35.0
8595,42.0
7285,61.0
5088,33.0
8681,43.0
3879,30.0
3222,40.0
5845,55.0
3564,22.0
1756,69.0
3711,47.0
5642,43.0
4055,24.0
5490,26.0
2000,22.0
2998,40.0
2042,59.00000000000001
6843,39.0
4868,36.00000000000001
6108,29.0
1792,48.0
6381,22.0
8161,19.0
4683,40.99999999999999
5633,34.0
1508,40.0
5426,47.0
5835,60.0
6606,51.0
8221,28.0
7410,31.0
4870,38.0
5605,27.0
1790,48.0
4669,40.99999999999999
3017,51.0
3037,33.0
4080,40.99999999999999
3506,23.0
2916,35.0
8085,57.99999999999999
6844,39.0
2906,49.0
1772,33.0
4692,44.00000000000001
2740,33.0
5610,23.0
5897,34.0
5962,38.0
5920,34.0
6279,36.00000000000001
6853,61.0
8384,48.0
1977,30.0
6312,25.0
2154,60.0
5660,36.00000000000001
4020,17.0
2506,30.0
5144,32.0
4120,32.0
4466,48.0
5439,31.0
4400,24.0
6184,64.0
2687,28.0
7222,28.0
8569,42.0
2071,33.0
4587,19.0
8216,49.0
6373,28.0
3933,31.0
4614,42.0
6245,42.0
1661,30.0
3263,40.99999999999999
2178,47.0
7545,21.0
5673,39.0
4545,34.0
4471,47.0
5579,22.0
8454,50.0
5136,23.0
4110,30.0
6311,25.0
1863,44.00000000000001
5472,29.0
1857,69.0
4367,19.0
5940,59.00000000000001
5488,40.99999999999999
3205,31.0
4206,53.0
5031,30.0
6708,37.00000000000001
6178,46.0
3156,32.0
6447,55.99999999999999
3384,43.0
7124,25.0
7219,43.0
1749,59.00000000000001
7533,33.0
5516,0.0
1914,38.0
6399,43.0
4166,46.0
3063,26.0
7284,61.0
7569,89.00000000000001
7398,40.0
8660,33.0
4612,48.0
7439,31.0
5959,28.0
6635,64.0
3762,38.0
7048,36.00000000000001
5606,42.0
3912,40.0
8663,43.0
7488,25.0
5748,23.0
2617,64.0
6655,18.0
3359,26.0
4510,36.00000000000001
5812,28.0
6036,44.00000000000001
6662,25.0
6733,38.0
3556,19.0
8078,53.0
5040,31.0
6659,43.0
3155,37.00000000000001
6135,27.0
1652,40.0
7634,19.0
6605,52.00000000000001
3732,10.0
2623,79.0
4519,17.0
6496,40.99999999999999
4788,37.00000000000001
7506,25.0
3488,26.0
2532,35.0
7345,22.0
5314,68.0
6532,35.0
5597,34.0
5538,38.0
1939,31.0
8201,21.0
6231,43.0
8571,33.0
5933,30.0
4087,37.00000000000001
3310,49.0
8404,35.0
2964,17.0
2027,37.00000000000001
6810,57.0
7400,18.0
4610,37.00000000000001
3417,43.0
7446,57.0
2640,29.0
5523,27.0
4949,20.0
6123,45.0
6874,26.0
4338,49.0
3292,45.0
5391,47.0
2855,20.0
5240,22.0
3586,20.0
5620,43.0
2186,37.00000000000001
6601,26.0
8239,36.00000000000001
8321,42.0
8526,42.0
6674,22.0
4294,29.0
2218,40.99999999999999
1980,23.0
4571,29.0
5799,53.0
2505,25.0
8630,38.0
4738,36.00000000000001
3240,36.00000000000001
5867,51.0
5011,36.00000000000001
1565,40.99999999999999
3152,32.0
5169,60.0
2222,14.0
2588,38.0
4490,23.0
2811,22.0
4709,25.0
2825,57.99999999999999
4242,59.00000000000001
4691,44.00000000000001
6441,21.0
7693,48.0
2649,40.99999999999999
5693,32.0
2234,31.0
5566,32.0
5922,25.0
5502,33.0
2292,34.0
4359,20.0
5548,33.0
5450,35.0
5104,59.00000000000001
5503,39.0
2554,63.0
2820,53.0
3527,64.0
4281,37.00000000000001
5504,39.0
4108,29.0
7672,22.0
2605,67.0
6481,31.0
2376,24.0
1542,16.0
4805,18.0
4633,27.0
5302,22.0
3309,50.0
4953,17.0
5953,21.0
4270,43.0
5619,35.0
1595,43.0
5779,20.0
3166,39.0
3065,26.0
8350,42.0
2552,57.99999999999999
3665,26.0
5111,28.0
2293,34.0
5943,37.00000000000001
2736,39.0
8671,47.0
7024,35.0
7215,43.0
2963,32.0
7021,28.0
5760,42.0
5561,33.0
5343,63.0
5751,28.0
7052,29.0
2124,40.99999999999999
4931,53.0
4747,32.0
5981,54.00000000000001
6248,33.0
3029,32.0
3046,34.0
1688,48.0
5372,48.0
5129,20.0
5917,42.0
6171,29.0
8124,32.0
4323,28.0
8505,22.0
3629,65.0
4823,9.000000000000002
4272,62.0
6684,15.0
3206,33.0
1878,55.99999999999999
8605,45.0
7370,20.0
5552,29.0
8330,35.0
2709,36.00000000000001
2479,103.0
2951,54.00000000000001
1883,27.0
7129,30.0
5355,31.0
1632,50.0
6056,25.0
2544,50.0
6342,18.0
1637,21.0
3129,22.0
2562,39.0
4644,44.00000000000001
5498,43.0
5707,53.0
3871,24.0
8183,47.0
5737,51.0
3852,11.0
2839,38.0
2481,85.0
4351,34.0
3478,23.0
5332,21.0
5182,22.0
4109,29.0
2848,55.99999999999999
2607,37.00000000000001
6410,28.0
8089,50.0
7465,63.0
8228,24.0
7459,57.0
3100,23.0
2635,33.0
6422,34.0
4796,24.0
5517,0.0
5499,29.0
2538,44.00000000000001
3512,52.00000000000001
2946,26.0
7542,38.0
6269,32.0
6781,51.0
7535,24.0
7151,35.0
2426,30.0
3044,31.0
6388,32.0
3491,19.0
5247,26.0
8327,28.0
7629,23.0
4980,24.0
3768,17.0
2881,49.0
4177,40.0
2040,79.0
8483,32.0
4883,34.0
8299,46.0
4130,44.00000000000001
7499,26.0
4308,51.0
4794,24.0
5327,57.99999999999999
4126,26.0
2574,37.00000000000001
2864,40.0
2741,33.0
6159,52.00000000000001
5727,37.00000000000001
1642,55.0
8388,38.0
1509,40.0
5889,42.0
5255,31.0
8374,65.0
3735,34.0
2583,25.0
3401,55.99999999999999
4581,18.0
4009,23.0
6639,48.0
6224,42.0
3131,19.0
8549,21.0
4662,35.0
2586,25.0
6815,38.0
7650,51.0
2399,37.00000000000001
4712,38.0
5728,37.00000000000001
2329,19.0
3694,23.0
8596,48.0
4941,45.0
1559,28.0
8502,34.0
2126,40.99999999999999
2771,28.0
8159,67.0
6634,50.0
6499,43.0
4919,40.0
7522,24.0
6830,54.00000000000001
4163,20.0
2036,83.0
7142,27.0
7231,27.0
7307,35.0
5658,40.99999999999999
4047,37.00000000000001
5105,59.00000000000001
6332,36.00000000000001
2328,19.0
1942,24.0
8440,17.0
3681,35.0
1961,24.0
6223,37.00000000000001
7521,24.0
6110,36.00000000000001
2941,39.0
6016,21.0
1539,15.0
7117,6.0
4434,40.99999999999999
6795,44.00000000000001
1774,33.0
7493,21.0
5595,22.0
7471,29.0
3742,29.0
8077,53.0
8393,37.00000000000001
8426,43.0
5849,25.0
3096,37.00000000000001
7585,22.0
2140,49.0
5416,46.0
2841,47.0
6076,31.0
8253,67.0
4483,35.0
4863,29.0
6170,29.0
1738,26.0
1584,28.0
4625,43.0
4572,33.0
5207,40.0
4056,24.0
2434,48.0
3946,40.0
2181,33.0
1494,24.0
6833,32.0
6087,29.0
8309,33.0
4583,28.0
3136,29.0
1608,40.0
6334,39.0
8230,23.0
8083,31.0
4959,24.0
1535,37.00000000000001
2764,22.0
6215,24.0
2691,38.0
2641,29.0
3997,30.0
6792,24.0
4226,54.00000000000001
6161,40.0
2106,49.0
5810,23.0
5931,30.0
4544,40.99999999999999
5324,54.00000000000001
6391,35.0
4411,25.0
3757,51.0
8195,43.0
1693,44.00000000000001
4079,18.0
4311,55.99999999999999
4440,26.0
8076,50.0
5133,19.0
2402,40.99999999999999
6440,39.0
6213,28.0
7259,71.0
8134,48.0
8293,44.00000000000001
7127,27.0
3861,10.0
5436,35.0
6124,45.0
2585,25.0
5881,37.00000000000001
5172,57.99999999999999
4142,42.0
2462,28.0
2460,29.0
6377,27.0
2910,40.99999999999999
2166,40.0
2722,19.0
4259,26.0
6823,42.0
2577,30.0
3232,39.0
1981,23.0
5174,42.0
8042,50.0
4105,40.99999999999999
6316,33.0
1881,33.0
4579,40.0
7429,31.0
3576,28.0
5235,19.0
8365,47.0
4630,35.0
8251,46.0
1740,65.0
4875,34.0
2790,69.0
5401,50.0
7448,67.0
2401,40.99999999999999
6628,25.0
7435,29.0
3670,20.0
8439,48.0
5299,76.0
7607,34.0
7670,23.0
6870,35.0
6072,22.0
2822,53.0
1824,55.0
5440,31.0
1596,26.0
7438,31.0
3822,24.0
6611,33.0
6860,33.0
5098,77.0
5784,36.00000000000001
2217,40.99999999999999
5533,45.0
5269,21.0
2556,63.0
5726,50.0
1587,39.0
1773,33.0
4850,20.0
2477,74.00000000000001
2285,32.0
3165,39.0
3178,34.0
6686,17.0
3836,37.00000000000001
5851,45.0
7690,33.0
4299,30.0
4231,47.0
3828,12.0
7574,19.0
2197,32.0
8371,33.0
4911,16.0
6267,31.0
8608,48.0
4958,30.0
6079,24.0
1689,48.0
7306,26.0
6879,39.0
4646,39.0
4331,17.0
4015,23.0
5911,40.99999999999999
4462,44.00000000000001
4660,24.0
4301,57.0
8306,44.00000000000001
5312,73.0
3928,30.0
4951,20.0
3317,45.0
2541,60.0
7687,21.0
7663,44.00000000000001
6629,25.0
5640,30.0
3418,43.0
8143,59.00000000000001
3087,34.0
6155,38.0
8473,39.0
4469,22.0
6530,42.0
5399,39.0
1577,32.0
2397,40.0
3288,35.0
1552,40.99999999999999
7359,28.0
6176,72.00000000000001
4910,6.999999999999999
7576,19.0
4001,9.000000000000002
3699,25.0
5764,39.0
5546,33.0
3631,65.0
8115,45.0
4450,70.0
5362,12.0
4405,21.0
1638,23.0
8453,42.0
3340,40.99999999999999
5493,32.0
8169,57.0
7025,35.0
4829,10.0
6427,26.0
3503,17.0
1562,40.99999999999999
2327,19.0
5861,57.0
3675,36.00000000000001
5344,33.0
6468,48.0
6146,44.00000000000001
5170,70.0
2034,52.00000000000001
7326,35.0
6791,24.0
1767,35.0
2695,54.00000000000001
3817,4.0
3164,39.0
1833,31.0
3466,54.00000000000001
3831,25.0
8466,22.0
2947,36.00000000000001
1588,38.0
4592,21.0
5570,16.0
3225,48.0
6430,26.0
2587,38.0
6128,52.00000000000001
5578,22.0
4150,23.0
6608,55.0
4426,40.99999999999999
8235,25.0
3022,49.0
6254,43.0
8324,31.0
8191,32.0
2907,49.0
8132,37.00000000000001
3438,27.0
4088,37.00000000000001
5711,40.99999999999999
4759,31.0
2632,32.0
6344,25.0
5865,59.00000000000001
2312,36.00000000000001
3151,32.0
1694,44.00000000000001
4722,21.0
3874,17.0
6677,27.0
2088,42.0
5948,18.0
1892,20.0
5173,57.99999999999999
5387,23.0
7078,29.0
5905,25.0
2119,55.0
4249,35.0
6462,25.0
2013,24.0
4970,19.0
1770,34.0
2883,45.0
8668,67.0
5262,24.0
2984,42.0
8129,63.0
6289,27.0
3287,39.0
7144,27.0
6296,25.0
6191,29.0
3977,27.0
8326,28.0
2004,21.0
6438,34.0
2774,28.0
4533,40.0
1502,38.0
2050,54.00000000000001
2973,50.0
2043,59.00000000000001
2411,28.0
6505,42.0
3919,17.0
7373,27.0
5110,37.00000000000001
6055,26.0
8535,23.0
8073,22.0
4866,36.00000000000001
8633,31.0
3403,55.99999999999999
6867,35.0
4006,29.0
4895,24.0
4063,29.0
2626,69.0
6150,39.0
6323,21.0
5539,30.0
2908,40.99999999999999
5114,24.0
4430,14.0
4748,27.0
6456,49.0
2977,45.0
7562,37.00000000000001
1923,46.0
6785,40.0
2007,23.0
3123,23.0
8126,40.0
3408,52.00000000000001
6641,33.0
2792,69.0
5572,20.0
3039,34.0
7189,37.00000000000001
4412,25.0
2431,48.0
4355,40.0
1609,43.0
5094,73.0
6205,45.0
6164,18.0
6324,21.0
8510,33.0
5665,36.00000000000001
8495,31.0
7640,28.0
6148,39.0
8283,37.00000000000001
3620,49.0
2894,53.0
1800,73.0
6339,24.0
4538,48.0
6687,17.0
3877,30.0
5652,30.0
2262,12.0
8581,22.0
3115,17.0
7160,35.0
3074,35.0
3426,57.0
4505,46.0
5816,43.0
8550,30.0
8071,46.0
4517,21.0
8676,37.00000000000001
2135,54.00000000000001
1600,34.0
6212,28.0
5649,34.0
5161,64.0
2838,38.0
3134,29.0
1758,30.0
2566,40.99999999999999
4289,39.0
2675,31.0
4046,32.0
4568,22.0
2365,27.0
7150,28.0
2316,20.0
8158,67.0
6546,33.0
6099,14.0
5973,37.00000000000001
4106,29.0
3621,46.0
4521,21.0
4904,14.0
3668,35.0
6575,44.00000000000001
5668,36.00000000000001
7428,29.0
7266,46.0
2579,30.0
3960,32.0
6370,35.0
7257,57.0
4023,22.0
7246,49.0
6485,28.0
2240,22.0
2045,50.0
5986,45.0
1803,33.0
7524,22.0
3089,24.0
4777,16.0
5901,43.0
6238,46.0
5285,24.0
7422,27.0
2382,26.0
6454,40.0
5246,26.0
3224,48.0
5119,25.0
3249,40.0
7431,34.0
2604,67.0
8678,57.0
1931,31.0
2476,53.0
2155,60.0
6642,24.0
1604,43.0
6612,33.0
7016,32.0
7367,24.0
7260,71.0
2194,25.0
2363,22.0
1630,26.0
2705,77.0
7115,6.0
5453,55.0
3174,33.0
3568,30.0
2424,20.0
6045,29.0
5617,30.0
8584,12.0
1752,59.00000000000001
3918,17.0
5624,28.0
2843,52.00000000000001
1555,15.0
4096,38.0
8638,40.0
3228,37.00000000000001
2502,25.0
6835,32.0
3042,34.0
8648,43.0
4335,54.00000000000001
4893,35.0
8119,25.0
6066,42.0
4507,36.00000000000001
5762,42.0
3094,34.0
8424,39.0
7033,32.0
4099,39.0
4085,42.0
4869,38.0
7695,44.00000000000001
3274,45.0
5852,45.0
4997,40.99999999999999
2038,81.99999999999999
8693,54.00000000000001
5245,26.0
6290,27.0
2912,15.0
2551,57.0
3691,40.0
5239,22.0
6169,22.0
6473,39.0
8445,20.0
7283,67.0
8234,26.0
7286,60.0
3242,43.0
6580,60.0
5902,48.0
8180,23.0
3889,23.0
4413,24.0
2766,44.00000000000001
3258,42.0
4725,23.0
3976,27.0
4083,40.99999999999999
3651,40.0
2075,74.00000000000001
6364,27.0
3857,15.0
7673,22.0
6470,44.00000000000001
5721,49.0
4248,50.0
7433,29.0
3221,48.0
3989,25.0
5486,39.0
7395,27.0
8052,28.0
8446,20.0
6363,12.0
1675,27.0
2918,52.00000000000001
7427,29.0
2862,30.0
7170,50.0
3645,39.0
7174,38.0
6059,19.0
1873,43.0
5475,38.0
6842,52.00000000000001
1585,39.0
7022,30.0
6592,27.0
8352,52.00000000000001
5700,37.00000000000001
8190,30.0
1629,26.0
5650,34.0
2198,32.0
2480,103.0
3454,39.0
5934,64.0
2143,43.0
5955,24.0
6040,30.0
5452,48.0
5946,26.0
7141,24.0
8504,40.0
2478,74.00000000000001
5734,28.0
4716,42.0
7171,37.00000000000001
8264,29.0
2492,33.0
5632,40.99999999999999
3307,43.0
7366,24.0
8219,40.0
3604,68.0
7028,40.99999999999999
8103,24.0
2205,26.0
6237,52.00000000000001
3739,29.0
6193,38.0
6801,39.0
7598,32.0
5722,49.0
5569,16.0
4034,38.0
6276,50.0
6019,21.0
7133,22.0
7406,43.0
8478,35.0
4946,32.0
5604,27.0
5449,35.0
2311,36.00000000000001
2306,21.0
5863,60.0
4204,44.00000000000001
4793,27.0
4879,18.0
7035,25.0
6502,38.0
2725,33.0
2667,33.0
4847,17.0
3058,30.0
3318,45.0
4839,22.0
2444,33.0
1726,69.0
3369,49.0
4333,54.00000000000001
4293,29.0
3964,40.0
2857,20.0
8304,62.0
7411,30.0
2874,22.0
2421,23.0
6614,16.0
8149,45.0
5298,76.0
5526,28.0
7136,21.0
4624,43.0
5562,24.0
3623,25.0
2539,44.00000000000001
6321,20.0
1525,28.0
3144,18.0
2048,36.00000000000001
5220,19.0
5480,31.0
4416,44.00000000000001
1957,44.00000000000001
5260,23.0
7187,30.0
8259,22.0
8254,64.0
6537,46.0
7130,30.0
6112,37.00000000000001
3777,29.0
8661,62.0
8224,26.0
4872,42.0
2188,35.0
6281,36.00000000000001
1605,49.0
5323,54.00000000000001
7437,31.0
3358,31.0
8051,28.0
8372,33.0
2451,27.0
2915,35.0
5039,31.0
4363,20.0
6017,21.0
5847,32.0
5500,32.0
3025,40.0
5554,26.0
5181,22.0
2384,34.0
3708,34.0
5385,32.0
8099,26.0
5813,40.0
5941,53.0
4326,18.0
7122,26.0
4141,42.0
4288,39.0
5641,30.0
6383,35.0
4710,25.0
3792,29.0
6577,44.00000000000001
3095,34.0
2374,34.0
6863,36.00000000000001
5512,3.0
5099,65.0
4459,44.00000000000001
7188,30.0
1978,25.0
8196,43.0
2563,39.0
5733,28.0
3067,29.0
7594,27.0
3016,51.0
6305,27.0
4011,18.0
5923,25.0
6398,43.0
5435,35.0
6866,35.0
7590,23.0
6783,51.0
5141,23.0
4985,21.0
1603,43.0
2546,43.0
2708,36.00000000000001
5339,19.0
2202,29.0
2796,29.0
3830,25.0
2016,23.0
2959,38.0
1874,36.00000000000001
2508,57.0
3843,27.0
8062,27.0
3140,20.0
3748,31.0
3505,23.0
1825,55.0
7239,52.00000000000001
7626,14.0
5304,23.0
8339,46.0
4222,27.0
2795,29.0
2175,47.0
3147,24.0
7537,21.0
8205,32.0
6196,40.99999999999999
5428,52.00000000000001
6735,42.0
2699,49.0
3301,33.0
6787,22.0
6096,19.0
6429,26.0
5346,62.0
8419,38.0
2341,33.0
4121,32.0
2831,31.0
6286,46.0
6384,36.00000000000001
1534,37.00000000000001
4315,30.0
8056,32.0
4320,28.0
5010,36.00000000000001
2215,42.0
7675,18.0
4062,38.0
6533,35.0
4613,42.0
6100,14.0
4164,44.00000000000001
4027,40.99999999999999
3422,47.0
4017,25.0
2136,52.00000000000001
3609,53.0
8670,52.00000000000001
3099,35.0
7694,48.0
8412,15.0
4534,40.0
2170,32.0
4307,51.0
2484,76.0
3915,12.0
7272,36.00000000000001
5547,33.0
4168,46.0
8431,26.0
3191,45.0
6658,18.0
6497,40.99999999999999
2366,27.0
6625,23.0
8527,40.0
5686,45.0
5405,53.0
1875,36.00000000000001
1513,32.0
5505,37.00000000000001
4981,23.0
1835,28.0
7383,26.0
3569,20.0
5474,38.0
5945,26.0
2443,23.0
6001,22.0
1905,22.0
4899,29.0
3557,20.0
8088,50.0
8442,17.0
5608,42.0
3849,26.0
2743,22.0
8050,48.0
8098,26.0
5972,37.00000000000001
4171,53.0
7159,35.0
2598,54.00000000000001
4154,25.0
3826,15.0
8070,46.0
7509,38.0
8194,45.0
2826,57.99999999999999
3625,20.0
7155,54.00000000000001
6666,28.0
4859,24.0
7622,8.0
6137,24.0
5407,47.0
3333,32.0
3789,44.00000000000001
1538,15.0
1613,32.0
3593,45.0
8227,22.0
2497,31.0
7424,21.0
3229,36.00000000000001
7486,33.0
4713,49.0
3111,20.0
3130,22.0
2033,52.00000000000001
7412,30.0
3216,43.0
1655,48.0
6597,25.0
6619,33.0
5511,3.0
7264,61.0
3502,19.0
6569,81.0
5888,42.0
5809,23.0
7126,27.0
5576,24.0
5831,36.00000000000001
5819,33.0
1519,24.0
7515,64.0
8032,55.99999999999999
2754,30.0
1530,36.00000000000001
4202,57.0
2823,81.0
2755,30.0
7194,46.0
8548,37.00000000000001
2232,25.0
3519,45.0
6053,26.0
1575,28.0
5320,77.0
8094,38.0
3326,42.0
4590,21.0
3819,20.0
7073,36.00000000000001
3961,32.0
5438,31.0
3116,31.0
4761,32.0
4930,53.0
3237,37.00000000000001
3720,46.0
8139,19.0
8690,26.0
8229,24.0
8455,50.0
8585,31.0
1808,37.00000000000001
2949,36.00000000000001
4247,50.0
8451,37.00000000000001
5630,33.0
2661,55.99999999999999
5672,39.0
2679,23.0
3239,36.00000000000001
5085,43.0
6347,19.0
6493,39.0
1938,25.0
6109,36.00000000000001
3461,17.0
3172,33.0
8287,24.0
6431,27.0
2960,38.0
6002,22.0
3175,33.0
6672,24.0
2827,52.00000000000001
6476,33.0
4354,34.0
2958,38.0
3277,54.00000000000001
6406,28.0
3069,37.00000000000001
6834,32.0
5529,34.0
5688,45.0
3627,33.0
6865,42.0
7178,51.0
3910,26.0
1633,50.0
2272,28.0
8486,46.0
6509,45.0
3469,32.0
3259,42.0
6691,19.0
3393,51.0
7638,18.0
5842,30.0
3198,34.0
3875,19.0
2190,35.0
8572,33.0
7649,51.0
7684,20.0
2718,23.0
3090,36.00000000000001
2676,23.0
3887,39.0
6731,31.0
3076,26.0
7387,22.0
7012,11.0
8507,23.0
7261,67.0
3210,24.0
6320,20.0
2122,57.0
2035,80.0
2362,22.0
5347,67.0
6574,43.0
2357,21.0
2930,28.0
4073,26.0
2564,39.0
7404,51.0
8396,44.00000000000001
5631,40.99999999999999
2290,31.0
4216,49.0
1855,48.0
3932,31.0
4077,16.0
4700,36.00000000000001
8381,19.0
4282,37.00000000000001
3522,71.0
2610,67.0
7241,42.0
3027,40.0
1838,28.0
2748,38.0
5053,10.0
2756,24.0
4539,48.0
4567,22.0
3028,40.0
6214,24.0
2637,29.0
7407,43.0
5646,37.00000000000001
5644,43.0
2495,31.0
4167,46.0
1590,34.0
5674,42.0
6343,25.0
1847,34.0
2804,29.0
3197,34.0
6439,34.0
6595,21.0
6417,39.0
1547,22.0
6534,35.0
5283,24.0
2561,39.0
5469,19.0
8521,33.0
3528,64.0
4229,54.00000000000001
4844,26.0
8138,19.0
5164,81.0
2065,77.0
3945,35.0
4448,57.0
7292,36.00000000000001
7536,21.0
4878,18.0
5806,44.00000000000001
2356,21.0
8359,38.0
7248,50.0
3684,86.0
6265,19.0
1937,25.0
8351,42.0
8415,29.0
7327,31.0
4498,36.00000000000001
8540,20.0
5106,44.00000000000001
3103,21.0
7415,36.00000000000001
1887,18.0
7240,37.00000000000001
4263,38.0
5432,30.0
2308,21.0
5807,32.0
6051,36.00000000000001
4755,32.0
6480,34.0
2294,29.0
8543,24.0
5122,24.0
6350,18.0
5708,53.0
5051,24.0
3617,38.0
2902,59.00000000000001
3603,40.0
2940,37.00000000000001
8640,49.0
5162,64.0
4039,35.0
5936,51.0
5823,42.0
3312,49.0
5477,24.0
2031,42.0
1823,53.0
4487,21.0
3316,53.0
4652,32.0
8295,52.00000000000001
4602,12.0
3098,35.0
3687,67.0
2191,40.0
5044,28.0
5342,63.0
4802,15.0
8646,32.0
1922,46.0
4262,26.0
6167,19.0
8664,60.0
2818,22.0
3927,30.0
6504,40.0
4921,37.00000000000001
2039,92.0
1820,53.0
5334,21.0
4758,36.00000000000001
7513,55.0
5294,54.00000000000001
4926,34.0
6710,17.0
7225,27.0
8053,31.0
6360,36.00000000000001
4235,64.0
3730,10.0
3219,48.0
6622,33.0
2441,25.0
4871,42.0
3796,27.0
2765,44.00000000000001
2117,55.0
8376,22.0
3787,38.0
3769,42.0
8568,34.0
4991,15.0
1674,42.0
8464,38.0
4943,38.0
2380,30.0
2347,37.00000000000001
6837,42.0
4647,32.0
3823,24.0
3798,35.0
5158,64.0
4151,23.0
4735,32.0
6587,49.0
7047,30.0
3551,37.00000000000001
4101,39.0
7389,24.0
8522,22.0
2952,52.00000000000001
3911,26.0
7611,43.0
5000,33.0
2572,32.0
2165,40.0
1524,28.0
4287,39.0
4112,40.0
7123,26.0
7647,49.0
6797,38.0
5066,40.0
6861,36.00000000000001
1809,31.0
5219,17.0
4778,39.0
2465,27.0
6553,33.0
8476,24.0
1962,24.0
3311,49.0
6786,22.0
8121,38.0
2921,72.00000000000001
4729,13.0
4097,39.0
3905,34.0
7606,34.0
8145,60.0
5892,42.0
3597,34.0
1804,33.0
3767,17.0
5280,25.0
2141,47.0
7595,27.0
8603,34.0
3659,54.00000000000001
8574,3.0
6033,33.0
2775,28.0
8186,23.0
8175,17.0
3056,30.0
7147,28.0
6511,46.0
3352,55.0
5467,16.0
6063,30.0
6009,18.0
7333,50.0
2087,38.0
3421,46.0
6118,38.0
8397,44.00000000000001
3444,20.0
2776,28.0
3211,29.0
4399,42.0
6432,27.0
2972,50.0
6119,38.0
8226,22.0
5210,19.0
6448,55.99999999999999
8069,53.0
2084,36.00000000000001
6514,43.0
4717,42.0
6326,27.0
4575,57.99999999999999
6706,28.0
2999,40.0
4072,26.0
6197,40.99999999999999
3554,25.0
5725,50.0
1490,40.99999999999999
8080,21.0
2634,32.0
3167,44.00000000000001
4552,40.0
2412,28.0
6230,47.0
5521,18.0
6560,38.0
3272,43.0
7332,50.0
8049,48.0
6217,31.0
3462,18.0
3077,30.0
3045,38.0
5471,29.0
3160,36.00000000000001
5716,42.0
5752,28.0
6841,52.00000000000001
8305,62.0
4304,54.00000000000001
8423,45.0
4948,32.0
3615,34.0
7447,67.0
2214,42.0
6609,55.0
1627,26.0
4026,28.0
2017,23.0
5226,17.0
3610,53.0
6477,33.0
3342,40.0
4822,9.000000000000002
7325,35.0
6098,22.0
6790,21.0
3952,37.00000000000001
1828,48.0
5082,22.0
7485,33.0
8456,50.0
3500,19.0
5603,24.0
8407,53.0
2978,45.0
4203,57.0
5305,24.0
4898,32.0
8165,65.0
2631,37.00000000000001
4531,28.0
3901,27.0
2994,45.0
2361,22.0
7317,47.0
3053,17.0
8659,52.00000000000001
4607,37.00000000000001
8337,43.0
2700,49.0
4589,14.0
3501,19.0
6025,35.0
4429,40.99999999999999
8220,40.0
2176,47.0
4194,44.00000000000001
1599,30.0
6545,35.0
4296,35.0
8493,45.0
1594,43.0
8075,50.0
7426,29.0
4128,26.0
8586,36.00000000000001
5677,44.00000000000001
7369,19.0
5758,42.0
2056,86.0
7342,48.0
1684,32.0
5653,33.0
1935,28.0
7540,38.0
6367,36.00000000000001
6318,12.0
5820,38.0
8413,15.0
4775,16.0
8367,39.0
3975,27.0
6689,18.0
3754,45.0
2692,55.0
2278,31.0
2488,44.00000000000001
8436,34.0
3938,33.0
4753,38.0
6638,48.0
3368,49.0
3980,25.0
6034,33.0
5822,42.0
2370,36.00000000000001
2317,20.0
2125,40.99999999999999
4831,4.0
6306,13.0
2189,35.0
7683,20.0
6013,16.0
5185,26.0
3974,42.0
3194,44.00000000000001
5282,24.0
4672,47.0
6707,37.00000000000001
2750,33.0
2630,26.0
6862,36.00000000000001
3294,40.99999999999999
1532,37.00000000000001
1932,31.0
5275,27.0
5999,22.0
4530,28.0
6523,50.0
4689,49.0
1635,21.0
2265,16.0
4319,24.0
4061,38.0
3858,8.0
4989,15.0
4846,17.0
7384,26.0
2185,37.00000000000001
7362,24.0
6561,39.0
5565,18.0
6330,16.0
7700,10.0
2521,70.0
2706,54.00000000000001
3818,20.0
7250,48.0
6668,21.0
1867,70.0
4330,19.0
8421,38.0
6632,31.0
6261,39.0
8529,38.0
2435,44.00000000000001
6461,25.0
3595,34.0
4417,36.00000000000001
5749,22.0
7346,22.0
3893,17.0
7032,32.0
5786,45.0
3329,46.0
2882,49.0
1972,27.0
3953,37.00000000000001
8046,55.99999999999999
6225,42.0
4265,39.0
3784,43.0
4286,38.0
8631,35.0
8469,23.0
3455,38.0
1860,54.00000000000001
5599,25.0
5704,40.99999999999999
1583,28.0
6703,32.0
5423,60.0
2483,85.0
6060,25.0
3020,57.0
8377,28.0
5769,53.0
3705,31.0
2131,50.0
4472,47.0
6558,62.0
5872,38.0
1945,24.0
3553,35.0
2338,29.0
1751,59.00000000000001
5123,24.0
6127,52.00000000000001
4213,31.0
3837,37.00000000000001
5776,47.0
7375,23.0
6208,32.0
8539,18.0
6126,48.0
6000,22.0
4906,28.0
3676,36.00000000000001
3179,34.0
8508,39.0
6183,64.0
5983,40.0
1953,25.0
1831,39.0
2153,68.0
6643,24.0
5441,28.0
2614,68.0
8097,26.0
5086,32.0
5543,29.0
6459,28.0
1682,36.00000000000001
3717,57.0
1573,34.0
1617,38.0
5732,27.0
5841,30.0
2689,38.0
4945,32.0
3779,28.0
6864,42.0
3105,28.0
3235,26.0
7138,23.0
3524,71.0
5659,40.99999999999999
6014,20.0
7351,26.0
8618,33.0
4066,29.0
6663,16.0
8210,27.0
3657,55.0
4667,48.0
4993,45.0
4078,18.0
1543,27.0
6404,35.0
3917,12.0
5434,35.0
6782,51.0
2846,42.0
4357,24.0
4401,24.0
7396,27.0
5740,40.99999999999999
3275,45.0
6778,57.99999999999999
5714,31.0
8561,38.0
7049,36.00000000000001
7149,28.0
7291,38.0
3550,37.00000000000001
3279,53.0
3064,26.0
4756,32.0
2116,55.0
7321,27.0
4977,40.99999999999999
5869,40.0
3752,51.0
3890,17.0
1591,34.0
2210,32.0
3935,35.0
1736,26.0
6697,30.0
5113,24.0
8200,19.0
4842,28.0
6345,23.0
4615,46.0
7357,27.0
3663,26.0
4960,24.0
2032,52.00000000000001
6085,21.0
4971,19.0
6246,42.0
5328,51.0
7308,35.0
7057,28.0
3605,68.0
6455,40.0
8641,47.0
3907,26.0
4685,42.0
5836,50.0
3404,55.99999999999999
4914,37.00000000000001
5376,64.0
1580,32.0
3327,42.0
4703,40.0
3032,40.0
5392,46.0
7402,39.0
3820,24.0
1862,44.00000000000001
5527,34.0
2769,38.0
6369,36.00000000000001
8541,20.0
3073,35.0
1832,39.0
6329,16.0
6564,53.0
5152,45.0
4022,17.0
6206,45.0
3204,31.0
4159,40.99999999999999
5692,39.0
3998,30.0
5860,57.99999999999999
7608,34.0
8383,24.0
2582,25.0
3509,29.0
2473,53.0
8699,49.0
2935,39.0
2594,49.0
3736,29.0
2900,59.00000000000001
4913,37.00000000000001
7417,30.0
4082,40.99999999999999
4516,21.0
2002,23.0
6162,39.0
5787,45.0
3571,17.0
5550,37.00000000000001
8516,33.0
3334,32.0
4597,20.0
4219,25.0
5180,36.00000000000001
2608,37.00000000000001
3496,19.0
6512,37.00000000000001
7430,31.0
6198,40.99999999999999
1514,32.0
7162,45.0
3660,21.0
8642,5.0
6106,29.0
7580,42.0
1810,31.0
2853,20.0
2452,21.0
3176,34.0
3200,33.0
1692,44.00000000000001
3480,28.0
3582,23.0
7703,28.0
4060,19.0
2991,54.00000000000001
7421,30.0
5743,45.0
6604,52.00000000000001
7627,14.0
6414,26.0
7445,57.0
6586,57.99999999999999
8448,22.0
8578,35.0
2236,31.0
7027,40.99999999999999
2393,29.0
1851,27.0
4438,44.00000000000001
2148,29.0
2670,17.0
4228,54.00000000000001
5833,54.00000000000001
2269,29.0
8675,62.0
4741,37.00000000000001
6266,31.0
5378,47.0
1768,34.0
7692,48.0
1569,47.0
6798,37.00000000000001
4853,14.0
3356,49.0
2493,36.00000000000001
2321,26.0
5535,47.0
6272,40.0
7281,67.0
5140,23.0
8563,42.0
7405,51.0
3678,51.0
1864,68.0
5054,28.0
4086,42.0
6803,40.99999999999999
1843,32.0
2791,69.0
1907,28.0
7652,46.0
2613,69.0
5397,40.0
3783,43.0
1913,38.0
4107,29.0
8536,17.0
3171,33.0
3486,25.0
8209,27.0
3075,26.0
1685,32.0
3285,50.0
8555,26.0
1793,48.0
4634,27.0
8399,43.0
2332,21.0
3880,30.0
6065,40.99999999999999
1888,18.0
5781,27.0
2445,33.0
4588,14.0
5028,37.00000000000001
5429,52.00000000000001
4573,33.0
2903,59.00000000000001
3330,26.0
1611,37.00000000000001
4327,19.0
3035,15.0
4677,55.0
4706,28.0
8395,39.0
4933,45.0
3854,11.0
3542,29.0
8489,57.0
4187,45.0
8644,37.00000000000001
3829,25.0
5928,43.0
2489,44.00000000000001
1921,43.0
5559,33.0
6678,27.0
5848,25.0
8682,47.0
7336,33.0
4903,24.0
1614,32.0
2405,32.0
8542,29.0
2041,59.00000000000001
4731,13.0
6270,40.0
4828,10.0
4298,30.0
4403,24.0
3813,31.0
4594,21.0
4936,27.0
2547,43.0
8112,38.0
4162,20.0
1951,19.0
6218,31.0
6389,32.0
6386,36.00000000000001
2944,37.00000000000001
3109,35.0
6648,17.0
8647,47.0
8379,28.0
8503,35.0
6038,54.00000000000001
5804,48.0
1634,21.0
8212,44.00000000000001
2334,21.0
8223,26.0
8248,22.0
2798,33.0
5150,30.0
5287,69.0
3971,36.00000000000001
3463,37.00000000000001
1640,50.0
5020,29.0
5625,28.0
5356,27.0
1964,23.0
3594,45.0
7066,34.0
1663,43.0
8598,47.0
6095,19.0
5393,46.0
4496,25.0
4924,40.0
8101,20.0
5259,23.0
5315,68.0
7570,48.0
6200,40.99999999999999
4028,40.99999999999999
8612,37.00000000000001
2799,33.0
4138,37.00000000000001
5942,53.0
8528,38.0
5775,47.0
8556,26.0
5687,45.0
7601,38.0
1680,43.0
6366,30.0
5615,26.0
4894,24.0
3726,16.0
2957,43.0
4358,24.0
2996,40.0
6028,34.0
7559,20.0
2969,35.0
6152,35.0
6091,22.0
2147,40.99999999999999
6298,25.0
8481,25.0
2513,62.0
3494,25.0
3954,33.0
8174,21.0
6623,33.0
1859,69.0
5975,31.0
5571,20.0
1858,69.0
2817,22.0
7418,30.0
8592,48.0
8353,52.00000000000001
4982,23.0
6260,33.0
6780,42.0
5828,47.0
5422,63.0
4058,19.0
8364,47.0
3872,24.0
6210,29.0
3190,47.0
7358,27.0
4838,21.0
7051,29.0
8443,28.0
4427,40.99999999999999
5159,64.0
1958,44.00000000000001
3587,22.0
6528,57.0
1901,33.0
4655,22.0
5862,57.0
3565,22.0
2303,37.00000000000001
5667,36.00000000000001
4577,57.99999999999999
8111,38.0
6005,22.0
3185,33.0
7074,36.00000000000001
4680,57.99999999999999
3648,37.00000000000001
8385,48.0
8386,48.0
5224,17.0
2606,37.00000000000001
4609,37.00000000000001
5614,26.0
4140,42.0
8261,29.0
7214,43.0
5508,39.0
5937,51.0
6317,33.0
1806,37.00000000000001
7596,32.0
7131,26.0
5155,32.0
4007,29.0
2847,55.99999999999999
8348,39.0
8665,59.00000000000001
2344,33.0
6104,20.0
4239,62.0
6058,19.0
1866,68.0
5335,20.0
2672,24.0
8667,55.0
2354,23.0
7567,88.00000000000001
7516,64.0
3773,37.00000000000001
3413,45.0
2475,53.0
5243,24.0
3493,25.0
3286,39.0
6875,34.0
2047,36.00000000000001
3231,39.0
3518,45.0
7461,35.0
3273,37.00000000000001
6654,18.0
5317,88.00000000000001
4408,25.0
6042,27.0
8034,55.99999999999999
8150,45.0
5898,34.0
7196,59.00000000000001
5643,43.0
3218,48.0
2161,40.0
5301,22.0
3937,33.0
2870,55.99999999999999
1997,29.0
3328,46.0
1821,53.0
6258,48.0
3245,47.0
4081,40.99999999999999
5971,38.0
5938,59.00000000000001
4819,33.0
5770,48.0
8346,31.0
6793,44.00000000000001
2773,24.0
5273,26.0
6503,40.0
6670,24.0
3731,10.0
5590,32.0
8697,45.0
5702,44.00000000000001
1960,35.0
2797,33.0
4370,13.0
5736,51.0
5293,54.00000000000001
2895,53.0
4873,34.0
6380,22.0
4750,27.0
2279,33.0
6665,16.0
3142,18.0
6153,38.0
5431,51.0
2696,55.99999999999999
5654,33.0
6064,30.0
4639,26.0
5927,43.0
4343,36.00000000000001
6325,27.0
3214,35.0
8482,32.0
3110,35.0
2819,53.0
5261,23.0
6211,29.0
6701,27.0
4461,44.00000000000001
5553,26.0
7168,50.0
5127,22.0
8107,27.0
2852,19.0
5661,36.00000000000001
4477,34.0
4207,53.0
8086,55.0
4480,40.99999999999999
8669,60.0
4336,54.00000000000001
1854,48.0
1582,24.0
3305,11.0
5495,45.0
4608,37.00000000000001
2975,50.0
8417,33.0
3250,40.0
7401,18.0
4922,40.0
3876,19.0
7460,57.0
7636,33.0
8509,33.0
3725,16.0
1799,73.0
2266,16.0
4132,39.0
3458,37.00000000000001
6371,36.00000000000001
8562,47.0
5616,30.0
7182,53.0
6699,30.0
5178,54.00000000000001
4966,9.000000000000002
5518,3.0
6302,15.0
3162,47.0
3133,29.0
5379,47.0
1546,20.0
6435,37.00000000000001
3124,30.0
5361,22.0
3108,28.0
5277,26.0
1946,26.0
4186,32.0
7379,22.0
7620,42.0
4488,21.0
5061,37.00000000000001
3207,33.0
5782,27.0
7023,30.0
6336,36.00000000000001
2068,54.00000000000001
4182,29.0
7517,64.0
6086,29.0
5656,36.00000000000001
2284,32.0
7385,22.0
1504,33.0
1753,61.0
6828,31.0
6303,10.0
3184,33.0
4671,47.0
3574,22.0
3906,34.0
4856,13.0
7377,23.0
8344,39.0
7046,30.0
4799,16.0
7121,26.0
7494,25.0
7671,22.0
8193,34.0
2455,29.0
3738,29.0
5249,21.0
2666,55.99999999999999
3869,24.0
2761,20.0
3322,44.00000000000001
4040,28.0
3966,36.00000000000001
4987,13.0
2967,32.0
6794,44.00000000000001
3487,35.0
5635,21.0
8621,31.0
7233,27.0
1589,38.0
7632,37.00000000000001
5216,26.0
7463,35.0
6855,49.0
2105,32.0
3347,19.0
2207,32.0
3291,35.0
3181,34.0
5777,37.00000000000001
5019,29.0
4049,44.00000000000001
6695,19.0
8474,39.0
3909,26.0
4998,40.99999999999999
2060,69.0
6062,25.0
8257,31.0
2923,72.00000000000001
8176,17.0
7495,25.0
7498,26.0
6308,20.0
5589,21.0
4833,2.0
5839,27.0
3289,35.0
1645,57.99999999999999
4035,35.0
2295,29.0
2526,55.99999999999999
2271,28.0
6293,34.0
3916,12.0
2535,35.0
5501,33.0
1903,29.0
5248,21.0
2927,50.0
6010,18.0
6294,40.0
6403,35.0
1643,55.0
4227,54.00000000000001
7686,21.0
3680,35.0
4782,29.0
6378,17.0
6333,39.0
2879,33.0
6255,43.0
4826,14.0
5256,31.0
4125,26.0
5145,40.99999999999999
3790,29.0
3558,20.0
5484,39.0
2618,64.0
3445,20.0
4169,46.0
3797,35.0
6249,31.0
6199,40.99999999999999
6292,34.0
4845,26.0
7205,42.0
5771,48.0
5837,50.0
5998,22.0
2997,40.0
8063,54.00000000000001
4617,46.0
4499,36.00000000000001
6349,19.0
6061,25.0
3772,37.00000000000001
2525,55.99999999999999
7612,43.0
4984,22.0
6442,29.0
3899,27.0
2400,40.99999999999999
6115,34.0
2664,55.99999999999999
3888,30.0
8533,37.00000000000001
2107,49.0
5520,18.0
8652,40.99999999999999
6543,35.0
6829,54.00000000000001
6444,37.00000000000001
3930,30.0
5300,22.0
5730,31.0
6094,13.0
3086,34.0
7216,43.0
7221,28.0
1529,25.0
6012,16.0
1741,65.0
6613,16.0
4158,40.99999999999999
8462,48.0
6037,54.00000000000001
8256,35.0
6446,37.00000000000001
8064,54.00000000000001
2179,40.0
8292,44.00000000000001
7530,48.0
7539,26.0
8320,54.00000000000001
3126,25.0
4529,27.0
3102,23.0
7337,33.0
2501,39.0
5022,43.0
3477,23.0
6784,40.0
2373,34.0
4093,40.0
2597,54.00000000000001
7234,27.0
8619,27.0
5528,34.0
3332,32.0
3572,22.0
5087,32.0
6720,32.0
3540,69.0
3529,39.0
7255,69.0
5448,35.0
6796,44.00000000000001
7324,35.0
3842,34.0
1876,45.0
6679,21.0
1916,44.00000000000001
6508,44.00000000000001
5994,20.0
6327,21.0
4892,35.0
4463,44.00000000000001
5593,32.0
5724,50.0
2680,20.0
2933,34.0
8349,39.0
3727,16.0
7440,40.99999999999999
2896,43.0
2415,29.0
3563,47.0
5369,46.0
7256,57.0
3539,64.0
7154,44.00000000000001
4316,26.0
2322,26.0
7287,60.0
4912,16.0
8045,59.00000000000001
4536,61.0
5359,34.0
7076,21.0
2471,46.0
8465,38.0
4404,21.0
2113,43.0
2073,55.99999999999999
5382,45.0
6356,32.0
2146,40.99999999999999
4743,30.0
8238,36.00000000000001
6539,45.0
2931,28.0
5789,62.0
2270,28.0
6644,24.0
2970,40.99999999999999
7230,47.0
6816,38.0
6189,38.0
3241,36.00000000000001
8275,22.0
5443,28.0
2836,20.0
4285,38.0
4896,24.0
2049,38.0
7593,30.0
6732,26.0
7564,40.0
5337,34.0
4309,63.0
4271,62.0
3220,48.0
6799,37.00000000000001
2132,50.0
7161,45.0
2220,39.0
7075,36.00000000000001
4340,17.0
7304,28.0
7211,35.0
5745,31.0
3848,26.0
5292,46.0
4425,40.99999999999999
4525,20.0
6083,22.0
6068,25.0
4935,19.0
6559,38.0
6445,37.00000000000001
6567,57.99999999999999
5825,42.0
8206,32.0
3782,43.0
2130,49.0
7616,45.0
7172,37.00000000000001
6466,42.0
5549,37.00000000000001
8066,49.0
3217,43.0
4165,44.00000000000001
2612,69.0
4769,20.0
2542,60.0
8485,36.00000000000001
6157,27.0
6156,27.0
2660,74.00000000000001
5029,37.00000000000001
2654,57.0
1959,35.0
7702,28.0
1557,15.0
4342,36.00000000000001
6299,19.0
3280,53.0
3088,24.0
8338,43.0
5818,33.0
2112,43.0
3385,38.0
6351,18.0
4155,44.00000000000001
2571,32.0
5596,33.0
4506,46.0
5306,24.0
3903,33.0
1755,69.0
1733,25.0
3894,16.0
5023,49.0
2534,35.0
4785,40.99999999999999
7528,37.00000000000001
4266,39.0
1616,38.0
7157,45.0
4797,28.0
5618,35.0
3300,52.00000000000001
5763,39.0
8435,15.0
4123,27.0
8036,51.0
4153,25.0
3859,8.0
5165,61.0
4261,26.0
6362,11.0
2871,55.99999999999999
4928,35.0
5045,28.0
2704,85.0
7386,22.0
6660,43.0
5556,28.0
4752,27.0
5903,48.0
5424,60.0
2925,55.99999999999999
4402,24.0
3303,11.0
4053,25.0
2738,30.0
8301,49.0
5075,39.0
8450,37.00000000000001
5663,44.00000000000001
4482,38.0
4682,40.99999999999999
3619,49.0
4025,28.0
3511,29.0
2070,33.0
6114,34.0
5021,43.0
6576,44.00000000000001
4210,42.0
3543,29.0
5705,40.99999999999999
8276,24.0
8544,37.00000000000001
6335,39.0
2111,43.0
4676,55.0
4254,25.0
5718,45.0
3685,86.0
4766,15.0
7249,50.0
8184,21.0
2945,37.00000000000001
3840,37.00000000000001
3399,50.0
6026,35.0
7208,43.0
5514,2.0
3365,28.0
3895,16.0
7195,59.00000000000001
3749,31.0
7019,26.0
8688,39.0
3234,24.0
4094,40.0
7480,26.0
8433,15.0
3850,6.0
2021,44.00000000000001
2138,49.0
4398,42.0
8294,43.0
5982,40.0
5366,43.0
3005,33.0
6041,30.0
5380,47.0
7699,10.0
2072,33.0
4005,9.000000000000002
8519,35.0
1973,30.0
5381,45.0
6407,28.0
4197,46.0
5341,24.0
2066,77.0
7393,23.0
6077,29.0
5697,21.0
7660,33.0
6478,34.0
2091,53.0
3072,36.00000000000001
5227,19.0
3149,32.0
4224,62.0
8480,33.0
2723,19.0
2367,27.0
8639,53.0
2609,37.00000000000001
4764,15.0
2806,29.0
2383,26.0
5703,44.00000000000001
3709,34.0
5985,45.0
4889,32.0
8285,29.0
8368,19.0
3689,55.0
3958,32.0
2953,52.00000000000001
8597,53.0
8147,74.00000000000001
8026,44.00000000000001
2656,57.0
5555,26.0
5340,24.0
3182,27.0
5201,16.0
3033,31.0
5715,31.0
4428,40.99999999999999
7068,34.0
6263,19.0
5568,32.0
2713,25.0
5767,53.0
1791,48.0
8387,38.0
2860,30.0
7681,16.0
4339,17.0
7483,26.0
3440,22.0
8237,36.00000000000001
4527,20.0
1691,47.0
5729,37.00000000000001
1926,60.0
7353,29.0
4234,64.0
3560,28.0
2037,81.99999999999999
2449,17.0
5354,31.0
2069,33.0
2886,43.0
7482,26.0
3981,29.0
8604,40.99999999999999
5534,47.0
7183,53.0
5803,48.0
1879,55.99999999999999
6379,21.0
6585,57.99999999999999
6486,28.0
5079,47.0
1902,29.0
5790,62.0
8269,107.0
7335,30.0
1950,19.0
5374,55.0
2057,86.0
4098,39.0
4604,20.0
8110,38.0
7541,38.0
2439,40.0
1503,38.0
4143,42.0
7507,24.0
4433,23.0
5930,32.0
1568,47.0
2619,54.00000000000001
3047,34.0
4723,21.0
4992,45.0
5720,49.0
6850,40.0
3515,62.0
5875,35.0
3948,31.0
3083,24.0
3655,55.0
7464,63.0
2517,75.0
5856,40.99999999999999
2340,39.0
1650,40.0
8334,31.0
2461,29.0
4535,40.0
1567,48.0
1890,20.0
