,pm10
158220,20
66855,4
59339,22
38392,32
761,9
12659,12
169195,27
129978,6
13494,33
5335,40
47341,55
970,12
160145,19
39271,14
138745,30
37576,39
155670,21
18062,23
386,10
37990,26
150795,22
64851,16
5274,72
169745,33
156645,18
1080,18
141920,23
46046,10
20947,41
812,16
81823,23
207,40
1009,9
21872,23
116392,21
122164,6
90840,33
42188,12
26896,15
11455,17
72019,51
136557,8
36324,20
118120,18
191,41
64022,21
1098,8
106614,19
146195,21
49527,59
103859,15
58728,10
168770,13
170270,24
3621,13
85126,15
30053,22
159495,23
129942,7
139920,30
99855,27
125315,8
91353,22
26968,12
59767,44
169520,36
88,26
98230,13
157170,13
80736,13
23822,26
96090,17
56990,19
42786,16
32870,15
12025,36
40467,30
43531,16
73178,15
88507,67
137309,12
6657,45
66097,32
20257,20
146770,18
130579,8
67391,13
96839,20
78612,31
50539,20
22558,98
19532,25
106846,14
9907,24
959,19
7581,33
111958,15
94533,32
139270,26
144595,7
78220,22
21717,27
130527,12
40529,54
4507,17
135224,20
35554,20
79906,10
76097,64
820,29
48367,67
992,11
63996,17
86678,23
801,19
2771,17
49697,24
104960,40
167070,28
392,18
434,18
1104,22
563,13
60609,63
79726,11
164645,52
4817,32
79710,15
572,18
9724,71
53761,22
378,18
119922,15
17829,13
169170,27
121872,23
5189,51
118452,21
1064,16
165320,22
42106,13
737,10
352,39
49955,35
33431,45
114262,16
63032,27
159920,14
140120,49
167595,19
147245,38
103480,26
152845,20
118488,20
4176,12
774,19
137679,16
144695,25
100783,22
54957,42
600,16
4078,20
84829,9
141970,28
81017,12
46168,12
162495,31
159420,33
137583,10
138870,20
71676,15
149370,23
15211,14
903,17
156820,17
135490,10
72225,44
78478,54
8685,18
15404,20
93457,8
142395,22
97534,15
54456,12
90245,17
66133,23
125811,35
1071,17
31612,13
66597,15
156670,18
74643,32
71090,19
99329,36
138295,22
75999,22
246,20
821,30
154320,8
65280,41
154445,16
141445,9
20368,20
72140,14
42152,23
39918,12
159,14
20714,21
29598,25
168670,15
149970,19
100293,30
56425,20
1366,13
105433,25
54920,24
944,15
2919,27
152870,23
84598,53
446,17
118817,18
23182,36
229,29
334,15
161445,22
941,17
49295,39
74888,21
98535,18
3151,83
54261,11
133514,26
606,22
55152,15
128142,21
129897,5
76365,23
980,25
114076,21
137436,32
5763,7
84360,33
1093,15
169695,26
161770,20
121076,6
63630,11
22296,10
66829,6
338,17
99390,25
594,33
43861,41
20282,30
724,22
141670,23
164870,79
62898,37
5424,38
200,35
46400,15
137442,33
367,17
88752,43
87778,12
54216,11
71444,11
693,52
69749,36
114515,18
124239,25
151795,9
129296,14
71761,21
160695,19
24419,32
892,18
33493,60
135066,55
146670,22
145745,30
165245,18
683,21
98303,13
137328,41
324,33
145620,26
138070,11
1037,8
77772,17
91072,12
149645,13
145995,21
78896,25
869,14
34,16
54627,8
1005,102
130466,10
94219,20
34689,40
38856,27
137315,18
65816,14
55457,8
104006,34
65512,12
120361,31
30965,47
94594,21
116172,18
88275,17
149,24
143845,18
81824,90
155720,20
131901,15
21284,25
13787,30
39088,12
135393,18
166145,7
1006,18
90255,24
98901,35
14918,20
74375,107
28145,44
56242,20
214,26
76231,18
733,22
153495,24
984,26
136945,8
71261,57
138595,15
2514,42
102149,15
86,34
597,19
43397,70
63,12
3065,16
85276,16
127,23
743,14
601,15
121726,25
163920,23
937,11
104568,14
37843,34
144995,18
99845,11
124909,19
63398,11
47393,13
140520,17
499,13
27792,12
114,11
244,31
135005,43
37782,23
1101,17
87302,35
148895,24
508,15
130137,8
18908,26
402,21
136541,16
142745,10
55127,21
92306,22
750,15
153645,13
80174,29
850,21
789,38
142895,12
675,15
44642,52
134933,23
135975,17
163645,15
36470,18
112924,19
76159,44
119987,17
135587,14
7634,43
151245,19
102623,47
19594,15
5571,27
375,9
517,3
22704,42
41410,14
86616,73
792,21
71859,14
15358,23
532,11
159895,13
81066,27
4298,20
93673,19
63316,15
979,22
14056,47
50831,24
25194,16
35,15
142645,17
109475,9
58777,24
876,9
127931,18
132555,18
101221,16
66159,21
38444,38
95757,22
170420,12
163270,13
1068,11
137596,13
149245,22
71555,60
95968,22
184,24
39836,17
62934,18
166370,32
128382,18
139470,26
21130,33
657,18
43227,42
47573,42
751,18
40431,24
169220,21
30184,15
122457,23
35188,13
31991,16
104353,22
128906,21
23528,36
98926,33
17657,21
15930,12
570,19
107702,18
67318,24
11887,8
32308,31
335,13
121361,15
168620,10
104300,32
71029,41
30749,30
110253,29
61146,27
164720,19
102976,80
82824,17
53883,15
163595,18
101747,26
67525,22
101185,23
59721,22
149570,29
138420,25
68201,18
31210,14
86600,50
10176,49
125997,14
166195,11
24263,23
2661,23
494,19
27066,13
34652,12
29134,35
66854,20
33020,23
16041,19
975,8
290,29
139020,17
58607,15
69517,36
105218,20
10858,6
115018,12
141720,18
89033,48
72705,22
75071,28
13347,37
100,15
13029,20
137707,122
55,17
3212,19
29858,35
116367,18
80138,20
132668,18
129321,13
114807,16
137795,24
3102,10
41822,22
90022,37
142370,26
98231,21
21440,25
68,14
139995,35
102927,70
11152,20
71777,19
141070,25
124568,32
230,27
26654,19
55274,19
120273,25
1523,7
134678,28
24125,20
57695,13
109827,7
79295,26
93869,38
112693,25
97656,9
137522,16
4885,18
102048,18
23917,58
122482,39
96679,12
247,21
437,11
91281,21
222,32
149870,31
146395,15
960,7
137239,21
145120,21
144245,22
1105,7
149345,19
913,23
4,17
312,19
707,46
1097,21
1559,21
33492,26
157070,25
163145,27
115782,14
73617,18
157045,18
22852,37
110350,36
119678,10
137277,9
60267,12
100489,47
158120,18
41260,16
55225,13
48,31
39124,30
169270,21
61244,20
81481,7
152670,27
67550,13
881,8
38526,14
371,15
103077,14
6252,18
31344,52
3785,85
108325,10
39588,16
61940,80
137372,17
138820,23
120760,5
75669,36
93235,27
56474,22
140670,26
679,15
84874,89
137628,10
132923,14
12009,30
14350,17
157345,11
58133,30
44825,23
118647,10
329,17
129783,13
127638,9
5408,50
114832,26
28609,48
33797,11
1644,14
64610,15
11826,51
128187,55
24309,20
161,24
107238,13
92709,31
58838,26
114670,30
26198,25
117004,25
157620,8
22557,48
101247,20
138045,17
131,12
120991,9
60842,47
24567,36
296,18
146920,32
155945,89
150645,12
26834,44
5041,15
56,12
156070,35
11740,16
88801,115
22333,15
91157,19
49259,41
29403,36
154195,14
96829,12
72946,15
90477,13
143095,15
165995,33
135163,14
131682,19
8360,13
162370,20
12622,12
119873,16
22450,25
136735,26
7204,59
126777,21
13140,42
139120,34
925,23
140745,31
89790,29
128931,29
102133,18
137319,15
19741,14
40150,14
113845,12
59267,46
52955,15
145945,17
19705,31
116002,111
151345,41
13762,39
345,37
61806,19
40565,16
53114,22
165145,7
125786,19
9491,26
53993,12
162245,13
31576,47
121433,11
7010,37
12182,58
11247,18
92245,41
28475,33
145320,23
21811,73
18614,12
10868,5
562,14
84265,11
226,14
16204,6
46913,36
20705,24
1066,16
21664,26
873,14
144720,19
59,22
118006,17
62681,23
137300,7
147545,27
91317,19
87436,15
107898,21
160470,11
109791,42
95943,31
61992,31
61538,23
74545,45
70699,21
138945,19
43495,69
11446,14
123421,18
11594,20
145195,25
64619,18
65084,13
26508,14
167395,29
111655,19
36506,17
25868,56
63594,18
35348,54
143720,17
34310,22
1350,15
165195,20
137995,37
101051,34
75535,23
32040,54
61891,8
128126,33
134924,14
81432,9
1103,22
34921,21
2488,24
116587,39
37466,15
878,17
117333,22
151370,24
79079,13
138470,18
6855,19
136654,13
22851,17
122749,8
12365,22
45985,37
74937,54
96607,23
144320,20
70480,24
83154,30
98453,18
101479,11
91378,17
40947,25
8,25
530,57
2660,14
159970,16
38685,14
140195,25
140370,17
155495,26
76623,130
64973,11
144670,26
137624,11
18418,13
140945,20
156470,59
150195,42
489,9
140145,40
131876,16
134633,19
137660,12
27697,13
78432,10
161245,9
141470,22
566,23
45400,20
93771,12
132070,26
4768,16
166595,6
167270,19
360,12
37746,33
144470,21
464,34
504,39
37186,20
139195,46
670,13
133893,14
70186,21
2918,13
163445,21
168995,10
26492,11
40614,15
20273,18
110083,22
125591,15
52651,25
34421,40
155970,94
133295,25
86286,29
462,44
122863,17
82873,18
114385,19
157370,22
128727,7
162345,17
131064,24
111415,17
45351,22
137500,14
100440,23
511,9
137417,16
129552,30
54688,27
150945,10
17085,15
117528,18
81,22
73251,20
22695,19
133805,13
725,27
32687,21
144770,24
159095,25
126582,12
73643,50
158020,12
1375,12
32223,26
40,23
3056,41
9466,32
69919,45
170,9
69043,7
167145,35
14167,52
33956,18
148920,16
143245,26
47866,24
80468,17
41162,18
61842,12
135409,15
20075,46
156320,21
18320,23
4017,39
55839,14
875,10
690,14
840,24
731,12
116233,19
137296,10
148770,14
18372,15
26223,20
64179,30
130235,29
69553,32
168920,17
104425,14
64326,24
150420,46
13286,23
43165,47
9482,21
153045,55
40284,28
482,10
684,26
757,33
107872,21
853,13
576,11
79259,44
148845,18
78441,12
806,25
366,16
165395,29
276,6
44694,36
33004,26
61659,10
141370,14
123141,60
27530,6
78246,93
47988,35
38428,17
165295,19
15159,24
57670,9
113038,12
91732,28
108532,28
120556,19
53762,25
695,14
99622,8
70444,28
81582,13
153945,19
55591,18
195,27
7443,33
139945,14
165,10
90327,20
21700,21
127566,22
142520,23
2955,10
32076,31
134148,31
169820,20
156170,24
84813,17
168495,12
112498,24
37336,18
168545,17
46583,15
133065,43
113047,26
781,34
22842,30
167820,30
26260,22
139570,20
138245,12
681,23
74228,38
73874,25
68417,54
131973,16
82458,25
103810,13
125120,11
93689,12
24410,24
57402,21
39846,14
108496,18
112339,17
46315,22
121482,10
100086,18
1050,29
314,19
65169,12
90023,44
75231,52
65731,8
149895,25
74277,65
218,26
15110,28
117771,12
84314,12
106150,23
132264,18
148370,17
762,12
121751,28
8307,44
53968,15
108068,16
159195,43
68612,74
98695,27
265,17
43299,13
133841,14
167570,26
157895,14
46681,22
136266,14
7719,45
169945,17
64094,14
40248,14
85639,9
938,10
123300,39
97009,39
11394,40
141545,29
152770,23
114823,15
130287,9
87824,52
998,105
239,32
27949,20
460,19
97277,26
163470,14
30099,28
42969,16
153395,23
58606,13
17242,18
287,26
40724,10
3334,21
140295,27
81591,10
1019,9
610,11
121888,14
157595,4
891,25
20551,31
137262,11
34163,31
141395,14
303,24
70931,18
108826,29
132677,59
68820,9
152745,13
115538,12
144970,12
854,14
25342,20
167920,14
15306,16
96398,19
59937,24
162720,34
51135,8
50259,20
38917,14
32798,58
51001,46
104166,12
61770,20
78746,14
144895,23
48269,63
206,39
370,14
160845,24
92196,25
18160,8
160395,21
20429,18
15195,20
9577,42
93225,9
166070,25
492,15
147770,30
537,8
40483,26
686,12
24901,37
129702,15
112081,38
71957,20
899,15
53569,22
759,5
63764,30
119012,18
18381,23
166520,14
103969,17
21994,13
44520,16
54921,43
123372,13
85286,65
90376,21
6277,11
90487,25
123645,17
86103,39
92307,34
165420,18
368,16
163820,19
7946,20
93699,19
150595,19
763,14
91915,19
130271,14
130773,12
103078,23
71127,21
91683,27
155870,23
137220,17
777,8
78710,36
44155,39
52857,21
66381,7
59730,16
918,12
37551,52
136056,23
25929,15
65486,5
9201,90
141570,30
145295,27
163195,17
120572,11
113809,13
71322,16
22010,17
90987,20
107666,20
89549,39
83618,63
20568,28
142920,13
42802,17
11309,34
901,13
71908,15
59669,23
125932,15
66195,20
141695,28
480,20
143420,12
148820,15
70212,23
802,23
0,6
141420,10
29341,25
160195,16
8271,66
108780,18
256,26
157220,27
73349,23
80968,11
155145,21
12760,15
81350,6
4360,16
41358,16
161320,19
3931,20
136638,12
112388,19
151445,28
85517,6
52259,26
101999,16
31027,78
34725,13
84118,16
134342,14
126786,21
1461,24
48099,128
96192,43
76854,22
144645,32
146870,26
114430,22
111193,36
95891,9
4213,12
49026,14
34188,16
129117,8
70980,19
89961,63
70418,24
35579,14
61574,24
162470,25
161695,20
241,18
165695,19
1039,14
488,10
17033,18
165820,20
782,20
107228,12
174,8
137688,10
106663,20
166170,9
19643,47
25316,11
126835,23
126468,92
1026,15
44337,20
43763,13
23574,16
80004,66
100077,19
21753,18
161945,15
108630,16
46351,16
55384,12
68942,11
73068,18
157695,10
126517,99
158820,18
14020,94
12797,14
678,34
589,30
19006,16
109253,21
663,11
142345,24
158870,37
7145,41
35322,22
157545,31
701,28
42348,47
135199,23
73483,16
125542,22
137139,7
603,57
64195,26
14902,29
92297,27
101005,20
887,21
154545,26
46037,18
159770,28
119288,5
128922,10
28707,31
989,22
150545,22
156920,15
17572,7
20283,21
168570,17
11888,36
122677,8
784,17
29943,32
86884,35
4638,10
49481,28
77622,15
153895,14
9960,9
170360,13
124934,29
70858,12
122,31
13192,22
128321,18
23512,36
145820,19
69275,3
60352,23
121556,13
42,27
53105,16
140445,24
58,33
74509,29
58839,31
9492,40
147720,28
81298,72
65,22
101917,17
958,17
29671,24
81360,23
91182,19
16,47
25783,22
147620,29
1096,8
86214,48
29,24
20026,17
30526,62
88019,55
25084,20
55385,19
137692,8
26407,18
44557,17
811,8
130563,12
107042,29
147195,55
91451,13
20515,31
389,27
156895,25
286,25
52589,47
152495,17
140570,18
82958,14
860,23
83288,17
106088,23
93271,25
61073,34
5225,22
60963,26
963,17
131989,7
61012,30
156,12
70859,34
82641,8
9,17
19447,19
22297,17
112056,14
21863,27
158995,59
153720,22
107970,19
170440,14
111168,28
41420,18
135215,15
119606,29
68648,15
12597,12
61976,23
32101,23
18675,16
46510,15
119581,23
85871,11
38,24
90693,38
66793,61
120653,15
15367,22
157745,18
54578,5
87677,22
62290,21
110520,23
34823,58
90425,40
29599,97
9099,18
73849,22
130861,14
3066,127
154420,6
103199,15
137637,34
87132,19
30294,22
5078,11
103737,17
75927,23
76329,33
127992,30
57983,19
142095,54
143020,20
83886,19
19496,30
550,22
110803,13
105022,29
119411,27
21802,43
1024,9
115063,19
24015,9
15514,11
36907,42
166220,13
52344,19
43226,14
32092,32
768,20
154245,23
861,14
852,20
56758,12
112153,14
63862,22
60584,50
158170,20
19704,18
130482,9
29207,28
149395,21
525,16
719,14
18382,20
149795,19
139620,27
107836,23
31406,70
23234,24
793,22
168270,10
124019,34
74571,58
635,10
164820,14
144395,26
155620,24
20466,24
123132,19
1043,20
110852,14
26736,11
107310,8
116968,24
74757,27
19107,22
118378,22
86677,18
170320,21
155045,17
115258,76
116038,106
574,13
153770,12
1660,12
111877,11
145045,69
5617,17
94585,19
19557,4
16775,17
68283,18
35055,71
3445,61
114004,34
90229,21
141045,19
143970,19
169470,20
108679,18
133223,34
440,33
26553,13
28438,13
164745,19
61769,35
161020,21
107434,33
419,18
170095,11
44374,45
26371,45
107506,16
554,15
124779,14
54395,18
72018,15
168095,18
1067,68
1018,16
160445,9
947,52
68014,10
26113,10
721,16
137423,15
123177,13
404,16
43691,46
85981,28
163220,36
3658,10
149495,47
463,46
137448,19
10287,19
414,26
53752,20
283,14
120377,17
169070,18
170415,23
165120,20
166920,19
133505,13
1081,13
981,26
94353,12
18676,27
168970,20
71091,23
14522,27
9639,56
165720,9
107604,57
66329,35
307,14
6608,13
61760,13
164995,17
154220,19
131804,18
73,43
78126,21
156045,29
108764,33
165570,9
51599,18
159870,29
92147,24
739,15
66280,20
1021,14
128711,8
939,99
69259,6
137398,76
9924,32
54346,10
518,9
69406,9
41590,26
150170,46
105650,24
88141,75
42750,63
144745,26
6121,26
133586,33
142495,24
269,14
4980,33
12303,26
95907,13
27298,28
28661,19
137252,36
109338,3
30331,45
160820,28
145395,33
25048,66
137770,19
117154,17
755,19
113491,13
1,26
44276,53
132086,20
158620,39
18225,14
24603,53
101469,10
971,11
89497,29
39373,7
105881,25
121141,16
466,23
61064,21
113784,12
98463,19
153295,14
83,30
106345,13
170345,17
71591,54
2857,58
844,11
14771,39
134439,10
133902,29
124398,17
137461,32
114369,20
445,10
58195,46
51527,42
122554,13
151845,15
92977,16
20404,30
102097,38
8186,58
99,18
194,25
99231,20
57304,26
137650,26
96362,15
78005,37
148320,23
788,36
203,49
155170,23
127212,38
114190,39
1902,102
129881,12
27396,20
285,13
162170,18
32174,19
56010,39
143595,10
822,85
1046,18
31396,33
95040,16
65279,35
137716,67
163095,18
136751,20
5372,58
67025,6
146020,16
15661,14
146845,35
962,12
69284,10
668,15
158570,21
769,21
21562,24
1070,19
168420,17
36018,43
63447,5
112648,14
94101,27
122067,8
3187,34
82974,8
23868,24
21294,45
110204,15
75695,63
77,19
19349,23
164220,15
22186,14
520,9
25022,29
7479,22
100309,21
746,20
27975,45
306,15
128541,10
69089,10
150620,10
74998,54
131549,21
36214,58
14669,19
82494,7
138145,18
97302,16
76390,14
156845,33
112267,30
107897,20
676,8
379,19
30,6
268,13
121157,8
20715,44
160945,28
96005,32
51563,40
139670,22
41028,10
118169,28
586,20
170245,11
70443,14
68247,29
85175,14
150820,21
13055,36
709,42
59499,35
6363,61
79527,28
78514,11
148595,22
920,15
18712,20
1033,12
74339,110
16628,22
57170,22
121352,14
70382,12
158520,27
78905,15
112202,16
95720,12
95024,18
73865,16
111861,19
106284,33
58875,35
112462,28
113455,25
31173,15
55840,24
6803,124
1010,6
836,17
47867,65
49661,64
814,19
130676,13
137480,18
318,23
32370,38
144220,21
26663,2
99829,13
618,14
111083,10
148695,23
23659,19
89265,45
156420,17
74692,34
47,28
927,18
58097,32
156445,45
42237,14
24420,36
58829,19
15048,47
60841,17
170425,12
507,13
149820,22
142,28
84033,17
186,22
96875,19
105012,13
906,28
92379,19
66744,12
42116,26
114953,16
160620,17
4894,14
86652,21
143520,14
163295,14
37515,22
87958,20
166245,16
12993,47
46501,24
20751,21
54529,3
80663,13
73715,3
163345,7
96313,7
34653,42
163970,23
168195,20
16791,15
27249,12
68673,8
17804,15
87628,14
139695,21
127167,25
51758,21
152120,22
127176,36
111229,32
146270,23
87347,14
6985,36
104,15
159745,32
111314,22
322,11
31112,45
105290,13
14229,58
118055,27
97888,16
159245,28
162045,23
90719,49
141495,28
51759,44
131407,3
60548,49
68811,14
25332,11
349,15
66512,8
120581,32
116074,74
162745,22
59257,25
119216,12
149195,17
50308,21
91610,37
96777,22
126221,46
18098,12
163320,14
44410,28
154,11
139895,30
6314,11
80200,39
148495,31
105217,30
25672,13
60368,28
16592,39
31694,11
526,15
31246,14
77025,22
149770,20
132167,8
130101,8
169645,24
31174,17
108594,17
161645,14
36250,32
160920,21
141170,32
54679,13
79942,30
150095,19
140620,25
619,13
55143,15
13493,21
24394,42
1229,77
51063,34
70895,32
15946,9
50357,33
167,35
132361,22
472,12
113419,30
145870,26
159645,20
155545,30
64826,18
45851,22
84359,17
22,41
113605,9
6020,97
25427,9
6131,17
8324,58
117674,19
11299,24
111922,16
20898,20
135923,11
152995,22
15747,30
125201,12
62620,22
73401,13
12944,19
11430,23
612,14
76149,21
137290,11
33029,65
396,12
10611,15
43923,66
54225,8
84144,26
136699,15
114645,15
135729,39
130332,51
23133,13
8737,14
7909,24
137845,14
152445,9
151195,33
481,19
68893,12
27200,15
58463,17
40300,19
66427,7
500,11
166345,24
493,14
72921,19
90718,28
59071,13
92761,26
46279,21
917,16
72885,14
148170,13
22150,29
47377,16
94631,51
4601,14
14523,41
1072,13
70016,49
92111,27
103309,13
30465,35
29805,42
126,29
119971,13
423,30
68005,13
155345,16
39150,36
137656,16
155120,15
137490,23
4115,94
31870,47
85492,10
64387,11
17379,18
79161,6
27974,9
50770,53
101246,12
166020,28
148020,16
2909,17
53053,16
84143,17
955,23
101710,13
1020,6
105872,26
135312,16
122408,12
155220,22
65047,13
153795,16
32565,18
1084,17
38062,16
11924,29
21579,37
64277,30
134290,34
104593,11
50624,13
28670,17
19679,19
157120,24
95272,19
146145,18
71081,16
151595,31
148270,26
76793,44
165595,12
47096,39
292,18
99597,12
159795,38
133877,18
83680,6
33467,45
81798,24
15,45
136444,21
101368,13
147020,25
164770,19
164070,22
114661,14
74561,42
137545,16
160795,21
20852,17
37345,48
27965,15
21615,12
98462,16
91183,13
149470,43
43665,25
1042,20
982,17
50588,24
67087,20
120946,8
137487,15
17241,14
137395,10
24754,29
28429,22
38758,12
83484,18
119447,29
549,22
61378,25
113650,19
76427,43
137184,9
80638,19
75463,59
55555,12
91,26
156295,20
156795,4
61476,43
167770,40
260,31
23538,42
9638,24
103300,14
9381,10
55823,30
91500,16
158370,14
159470,16
108264,5
1816,24
137338,20
162770,25
673,16
116428,22
4069,27
141220,14
151420,21
143220,14
35107,21
118914,14
164,11
18234,8
140895,35
48867,14
51697,15
49490,23
63728,24
115343,51
91647,38
165520,16
98865,24
47475,12
123067,15
43201,19
65918,22
116197,21
161520,16
20983,31
76280,19
148945,15
395,13
41956,15
166645,22
149720,14
137474,21
169145,25
53517,36
146595,25
168070,19
133029,42
101087,18
34420,13
159545,21
103944,26
2367,30
79967,12
110937,13
84777,14
73411,28
87909,7
135596,33
154345,7
65990,23
137404,73
15600,21
111630,16
155,9
151470,17
132248,35
29109,40
141020,21
50867,23
148220,29
158745,25
137720,19
88203,39
546,16
426,30
39784,38
136832,13
528,14
145545,25
53410,12
119792,18
154795,16
8048,70
84216,12
168720,26
71212,20
131646,43
132034,11
134229,16
82030,8
160970,18
148795,19
45485,29
76391,47
52213,17
1057,38
169120,30
17682,13
72,37
69285,10
6900,16
56340,53
126884,27
152020,18
154920,9
100541,23
161070,25
132095,54
47292,77
98669,27
67489,20
73875,39
1102,21
24064,36
79968,83
151945,17
93148,36
54115,14
19385,24
151520,10
44972,32
120507,21
94854,23
78442,60
15858,43
161720,23
829,25
107656,11
5032,17
143195,12
153670,14
10842,8
95793,8
128532,14
639,14
57585,14
119037,28
193,20
75120,27
123898,11
68185,22
155645,24
134423,15
16837,7
362,31
162145,9
78674,43
1031,13
10480,54
138770,24
95959,15
1092,14
140,19
14927,27
1203,22
32566,51
134254,33
33199,48
147445,12
101926,17
7633,30
47047,40
22999,35
7893,30
2130,7
147170,28
134714,22
146970,26
126176,24
79311,22
78795,23
1086,5
23684,17
10409,16
953,14
139345,22
82983,10
12846,46
23218,21
161120,30
84679,10
8738,53
117553,20
42322,23
40931,17
73764,9
40761,24
5163,28
143870,18
162895,20
17,31
29135,42
21415,30
52455,33
133126,20
118071,21
15012,39
1791,36
951,12
66,27
165745,12
641,4
5873,19
156570,21
133020,13
101685,16
87485,30
540,19
38490,41
100159,20
27481,14
90709,22
101701,11
110058,21
46,22
122018,15
48733,73
136178,12
259,19
147795,43
29366,20
85749,10
150145,21
76381,14
7670,18
159120,24
49929,22
61280,16
146895,45
130685,51
150920,28
53834,14
52222,11
70284,15
986,17
35518,51
705,32
6,18
112852,28
126972,67
151220,9
95273,30
154045,12
169920,17
92856,20
5702,37
117690,12
36968,33
136117,13
115453,26
616,26
96139,25
107274,12
48037,49
29821,36
138495,19
198,46
954,22
117625,17
127492,16
145570,23
161570,9
32834,51
1755,109
164420,22
69455,86
1014,21
1012,12
124373,18
4895,64
156745,23
69507,11
121933,54
101927,37
52418,27
162220,12
159070,29
98120,21
75926,18
146820,21
127407,32
137575,22
27164,24
114904,14
90254,27
112251,23
7154,43
299,18
77086,15
115648,37
31743,9
123654,38
67319,41
79736,13
85740,9
94,8
258,20
60832,37
1029,5
818,16
15809,12
16152,25
134448,17
32102,51
139295,26
43959,65
149845,20
146620,16
62754,21
119801,26
162295,26
64204,20
97509,8
167520,17
46547,43
37567,30
166620,19
49233,31
45655,31
160570,15
64021,11
1089,7
152470,19
152095,20
132907,24
21847,26
13925,22
163895,18
75901,25
84,53
89131,49
18823,20
93441,11
62718,41
37105,25
28011,41
86848,46
80190,16
102195,37
47857,43
141,14
164595,13
20136,45
78648,14
156870,18
137560,11
60185,13
69,12
106114,24
27334,25
127761,75
94765,57
136081,14
250,19
310,18
161395,24
95,14
90608,13
52873,18
80895,10
17327,14
133198,18
132289,22
158595,32
144870,14
9430,27
155845,9
22104,36
39820,17
85285,14
2762,25
89781,41
15505,12
199,47
134193,51
107787,11
102329,21
69491,14
138270,16
634,10
44511,14
105604,16
64558,46
254,30
8823,20
170145,13
155770,17
18822,8
139170,41
153920,20
105254,18
5994,28
10,33
560,17
11051,25
106516,20
157520,11
34643,18
152320,30
105424,23
37284,13
62218,48
39039,10
136153,11
143995,23
67773,14
48563,43
57634,23
127371,30
11161,12
149545,24
408,9
135959,22
502,9
14780,27
155695,26
21578,23
147895,21
6415,18
80932,27
12708,26
166945,17
48073,53
983,42
47197,76
116,13
67257,21
163695,22
108019,21
122278,15
165970,33
83850,16
165670,17
151620,15
115002,18
140820,21
26051,20
9115,11
272,14
100551,36
122946,40
106320,17
51501,30
134484,16
33359,42
83438,11
786,16
107408,19
167870,20
14608,30
139595,22
13615,37
96728,15
22019,28
50409,27
88409,68
118241,30
154120,13
50822,21
170330,19
652,17
107,16
117589,19
83337,18
69052,5
7617,52
15073,14
243,19
1265,12
45341,16
3775,27
106996,16
38454,46
52063,15
914,22
139320,32
857,15
131055,12
130491,10
113305,13
92807,19
40310,52
26067,19
50952,18
62522,82
27127,8
102365,25
157420,5
105856,27
83911,15
108316,7
146295,21
142320,16
1608,33
35933,27
124044,28
142045,21
37807,35
169295,19
128346,16
776,7
553,14
93173,38
273,15
148720,14
13935,27
58561,19
95050,25
90925,14
118638,6
72467,70
97339,43
146120,19
128675,42
933,14
127346,18
71395,14
17278,13
67989,12
17915,15
131610,41
2084,15
170340,11
417,14
1028,5
674,4
102159,40
133214,18
111,16
132386,18
137509,38
107424,16
100773,17
144570,36
128272,23
142120,41
722,13
912,22
133,20
4470,19
138320,28
77540,15
16057,15
24891,18
976,17
95049,14
82324,28
145345,20
236,11
34627,25
82520,29
7755,32
134581,30
111646,16
62,39
40068,16
169320,26
17388,11
1054,8
158095,22
104996,18
12761,21
169620,17
107359,11
46717,24
62208,21
155470,20
95711,8
50490,21
86750,18
14081,44
138170,25
131294,19
137599,27
40114,18
39686,13
61427,13
166870,32
18519,29
89448,30
65401,26
542,16
170430,14
71323,20
167245,17
9528,18
1099,13
109852,11
27791,5
71163,18
115807,22
127956,27
162570,23
136169,5
154295,14
142770,12
17719,6
106944,16
136469,30
90941,10
157095,15
33725,37
48089,56
5727,51
159020,59
18123,7
130967,18
56767,23
36461,15
39614,22
26638,17
590,16
123840,13
32772,19
152245,11
127882,80
85554,14
44495,15
146445,10
17232,15
36923,35
78416,18
145420,18
153595,17
164395,19
133796,9
177,22
9675,16
132176,13
8222,14
101832,11
141870,21
26456,10
139970,26
95443,14
354,54
78077,22
137284,12
92,6
138195,17
153195,16
141995,19
84959,12
114791,32
157395,5
157020,16
132,15
83386,57
727,16
1032,14
22451,24
91781,42
103542,39
661,5
92343,32
111740,14
94890,9
109387,14
77524,20
92075,28
139095,18
165795,21
1030,9
85972,38
100904,18
56536,34
111265,20
130870,51
162620,21
1044,27
82752,26
19300,11
152545,29
108548,18
137347,30
25635,14
137579,11
169545,16
738,11
118622,10
29305,33
109511,9
116903,39
99365,28
158720,15
99195,42
152720,1
150495,35
85590,8
80886,10
38160,39
120157,8
94183,26
138895,31
145695,22
165270,23
63826,39
81994,12
77390,25
140345,17
851,24
115843,19
846,18
89729,30
43116,8
59045,15
61744,12
137611,18
139520,15
106382,11
5016,21
3576,50
60731,44
13176,17
19558,48
60499,22
996,19
137895,11
202,53
20862,26
46632,10
45449,27
36043,19
8133,26
160520,13
144195,25
8583,54
147470,42
973,24
131840,19
134811,26
72937,17
79553,30
153970,12
53798,23
80654,12
26077,56
1087,5
122092,7
32,18
15342,21
557,13
70626,21
78236,12
48135,118
447,18
115798,9
71787,26
127557,10
159270,28
159145,32
130186,9
138795,25
97045,23
30367,27
169970,10
158345,12
61528,14
715,19
120386,24
112,15
73642,14
146545,10
20604,21
133550,28
162395,18
1003,16
9629,17
65954,20
47402,15
94146,16
89317,30
78844,87
12329,62
80422,9
69739,13
936,20
102891,107
28279,11
75499,56
154895,6
88239,37
91964,18
46449,60
120325,26
138520,19
41187,62
45325,28
106712,21
83105,10
124584,20
56376,21
30831,28
133611,64
14082,61
923,31
137376,9
79125,23
106346,18
67355,39
49099,12
140395,23
478,84
147845,13
1219,22
85956,43
13432,22
150370,19
12156,30
102793,65
120175,20
37417,13
166545,21
91549,38
125129,23
76927,19
161145,23
137391,18
150270,17
135878,8
68514,56
65038,10
163545,19
110,3
1094,10
4556,71
74106,43
734,24
6510,40
31942,21
514,9
10705,37
356,36
1060,17
32333,27
160120,16
15220,11
29573,28
23537,31
149445,21
107470,29
300,24
141595,29
151270,18
73117,58
108130,21
135887,12
147270,29
43690,20
6461,15
699,56
15368,40
149045,28
169395,19
108790,33
99391,22
76695,53
135684,15
4323,14
19153,7
135984,23
96581,17
126387,95
74329,95
163670,25
890,24
40663,33
7394,20
102158,15
124593,36
41,22
46083,27
153695,17
46269,17
65511,9
749,13
117820,13
152295,20
38990,12
170045,8
160670,20
53553,24
96643,24
41884,27
37964,25
21909,24
37612,36
653,15
25773,19
155245,17
14219,41
152695,17
163495,12
51295,24
691,11
45815,20
1036,28
34493,15
142820,12
80199,20
42054,12
163995,27
16497,23
133683,19
128772,10
915,20
132774,48
166420,22
84481,10
76048,19
358,17
20,33
78942,30
64852,12
161970,16
313,20
168595,13
109924,3
24900,13
78041,34
92074,22
995,20
93539,10
388,29
62424,82
24639,18
170355,24
164270,17
82056,6
116464,13
32540,23
5188,23
153545,21
123726,12
154870,10
92771,37
42115,19
128077,15
2048,51
41642,15
31860,35
154095,35
148295,18
157495,10
7221,81
26162,26
139445,19
140920,15
61074,36
115213,45
151170,33
97607,10
111363,38
76133,23
19973,17
30758,24
45,15
122287,16
120,6
25480,27
158420,44
1049,13
146170,13
17389,21
147595,28
56510,29
14513,35
14963,24
536,7
145845,23
17094,8
158,14
155895,45
132616,16
79089,29
145270,14
23476,29
131116,13
90486,14
88177,27
138645,30
81102,5
88837,31
88435,106
26,69
148445,30
149670,26
5433,32
37,22
42995,15
113217,19
7155,34
5434,50
140545,18
166995,28
766,24
23832,25
95256,24
82,51
73581,24
154770,11
19790,35
52821,54
31622,21
138120,10
35982,29
77061,22
14644,26
58081,15
63362,21
17621,31
28671,37
133780,11
147120,25
115099,16
158470,28
164670,50
167970,76
279,16
10470,17
44459,27
169870,9
164545,16
82742,18
3396,8
84082,81
3870,20
17673,27
67061,25
104042,19
108558,19
125981,16
425,19
96911,13
22594,70
16005,18
160020,22
106748,23
10741,19
93637,53
16066,13
134060,60
7257,17
108084,17
47181,85
10696,27
18565,14
106003,26
116123,75
13484,20
137243,19
79674,93
84566,33
26214,23
157570,24
118524,20
140095,22
34395,16
136,20
800,18
139495,27
109094,10
22826,36
18124,9
134617,21
21183,26
151570,31
115684,14
89095,53
16653,13
33261,26
717,30
167645,101
151020,23
152395,19
4833,36
13971,16
3784,18
33715,15
163570,19
13640,26
145170,34
137281,9
165895,26
142145,7
126640,10
16947,11
103248,26
637,11
538,8
911,20
74338,74
131222,24
905,25
10009,53
115977,83
39356,7
1228,14
146995,36
147970,20
82751,9
824,12
43459,76
337,17
35091,19
39445,3
122798,6
56071,20
142795,12
45109,21
23953,14
2211,15
141645,23
12414,26
317,53
5326,51
66390,2
5470,33
51517,23
52027,36
12450,26
112843,15
99854,11
2893,20
113233,50
124035,30
145720,17
83216,53
83206,12
1047,12
42005,16
97,12
84134,16
103960,21
328,16
6709,20
16644,19
106980,24
111825,10
106336,11
54,30
109742,8
72457,22
1167,50
77854,15
166270,19
24100,21
43922,17
130942,24
60610,79
135765,14
69125,6
114174,16
578,22
35469,21
49017,11
135790,15
149020,30
61708,22
88020,45
904,18
162020,26
141795,18
27575,21
101551,9
424,21
161745,19
149595,32
143545,20
50186,19
166745,31
67541,18
14314,67
145920,13
373,29
141620,26
44776,25
76845,20
131125,23
848,22
88092,36
95122,16
57866,22
108166,14
131319,9
830,14
166845,29
119483,13
68015,16
104156,8
137643,23
85224,60
66365,8
25930,47
9299,25
25626,20
10202,48
169370,32
69053,11
38258,26
91833,20
88605,88
19411,33
78175,19
534,11
298,19
49991,36
19548,23
54663,13
144945,11
125802,16
150870,19
53115,22
14203,31
27648,17
718,31
66149,20
74179,37
59266,14
169570,15
406,10
44740,69
98499,18
152270,22
143745,30
7104,32
34884,7
108960,16
63114,21
544,19
294,14
73947,12
57947,41
148395,25
72751,29
63300,12
161195,15
161170,22
141295,23
153620,17
104532,17
44145,25
28975,19
17180,15
112729,29
993,31
61512,16
30981,40
5718,20
631,10
142020,24
30733,32
30135,19
167545,29
65218,22
176,21
164895,17
63780,21
931,70
896,25
137258,10
54457,26
31792,21
30991,88
68991,30
131779,15
41492,13
57206,30
111545,17
167995,18
24505,34
40199,10
145220,23
137548,35
164520,17
10516,10
118719,8
34411,19
150845,19
65502,6
1412,10
685,13
31,24
45289,18
40492,18
155420,21
151745,12
136275,24
131601,24
66622,2
137366,17
280,11
70617,17
58597,11
1017,10
110386,12
165220,22
124203,24
131416,7
454,27
19410,11
116782,59
155570,22
9776,30
56974,21
40077,16
34189,81
157145,10
156195,34
90657,31
25610,19
274,17
30063,30
72307,44
658,10
150395,38
168445,6
26870,11
152795,25
94667,16
6010,18
157295,13
156970,27
125445,26
13091,13
139245,39
132826,59
109228,17
20430,43
77782,23
95505,10
93905,27
143695,7
598,22
21873,31
97192,16
163120,24
22271,12
6019,17
16948,16
47634,14
106764,17
11015,48
97241,32
158395,40
70434,20
107237,15
154070,24
595,31
109289,10
56572,37
103408,18
52295,17
115603,16
11724,12
39320,30
99427,21
24566,3
85724,14
2,6
154395,22
2772,125
169245,14
15894,42
51880,18
964,15
100355,30
79393,20
110581,19
18467,37
143670,19
147045,38
99927,11
22643,82
135454,21
13641,50
12882,23
77988,27
15711,31
85456,114
86466,51
118833,9
160545,35
45789,16
163795,24
63960,39
25920,16
146795,30
748,29
112303,27
130,28
37928,35
516,2
132280,15
134739,29
70833,28
25782,19
108093,17
20221,41
59953,20
143495,13
96606,15
116952,20
35652,15
304,16
66927,3
147570,37
164695,25
23391,35
81896,17
159695,28
137541,21
11162,27
123775,14
43067,9
73153,22
62388,50
144920,17
2746,30
51269,27
34127,37
11593,13
910,19
143295,11
13045,27
169895,18
53337,18
161370,21
4324,29
52723,18
23427,16
94363,26
48562,25
158245,21
700,50
42811,15
106,9
110155,13
45557,33
165620,15
101,17
154270,20
146245,24
40846,4
168020,17
84180,28
147870,28
86668,19
567,22
137535,22
143920,16
188,21
83447,11
422,32
149120,20
104764,29
103150,14
88471,102
137334,25
149745,17
58427,33
162270,26
36445,17
115027,20
129393,12
29720,21
4167,29
807,27
160245,25
1040,12
164120,17
129312,11
35286,84
57768,13
113354,15
20861,21
135118,11
36640,31
94716,17
88556,69
919,13
859,24
640,13
60195,18
102829,84
716,16
152370,21
93967,23
69821,18
36409,35
16543,15
72421,56
55189,47
115612,36
5336,61
2697,7
119532,12
18970,25
39,17
418,19
72189,32
93467,13
129003,20
51233,23
109439,11
55689,14
138,24
790,20
46253,24
38954,20
32788,19
65120,11
60682,49
145070,73
711,33
128967,31
144420,24
110630,22
80700,14
103505,22
152820,25
1073,16
152145,21
4471,48
31621,12
141845,20
114394,25
351,11
46511,44
163720,21
126006,20
113119,15
101453,12
166470,7
987,15
137695,13
107640,16
25565,17
48171,47
86420,21
157720,11
33895,56
121166,14
87521,17
19851,10
8774,10
468,15
35750,39
153445,88
100257,14
44874,34
30599,56
45191,22
162870,27
165045,44
22487,55
344,38
81814,11
133938,30
85054,98
90,28
115489,13
76597,58
1035,2
95479,10
12218,26
162595,17
86946,55
28206,12
648,10
49491,62
110536,15
90013,21
432,19
132862,63
24557,27
886,9
234,16
68051,13
97473,25
43433,21
32138,48
87204,13
144795,28
99623,12
166720,34
97424,15
93503,12
62656,19
27350,13
16188,11
145145,28
98963,44
93050,12
442,19
308,17
139870,56
672,20
139220,38
113540,14
77087,54
2341,22
154845,6
67077,23
80089,17
107555,18
185,25
28645,18
137745,9
80,21
124,22
85920,38
89094,19
133259,35
4079,58
63790,38
30501,68
119597,14
14366,28
17536,13
123824,16
23978,13
83654,7
94003,13
144145,22
128516,16
168820,8
39140,21
114226,34
157945,6
26785,12
55091,52
65270,31
39543,27
137379,21
50,21
105918,28
34591,25
76855,24
116623,43
7808,15
47207,104
47671,22
145445,25
86152,21
18528,9
116513,14
85358,12
147395,30
121897,51
124194,19
128736,9
24456,29
18650,28
13338,34
57902,18
629,12
129507,12
64790,30
89863,36
29635,72
33761,35
98,21
744,15
35152,81
213,28
115294,50
67757,23
157645,14
60600,72
103970,35
53578,13
144295,21
26932,14
64241,55
535,9
96228,38
64594,24
100953,24
73813,33
129198,12
122262,22
25636,49
107433,22
169420,12
34261,23
55607,12
88935,25
21441,39
62897,25
75230,23
87,14
19826,9
56144,24
12512,19
75685,36
150970,8
31658,22
346,93
79589,22
5848,19
104789,22
136363,12
166795,32
13579,25
309,19
103496,21
135357,27
110731,17
68795,19
37798,23
99613,9
16800,11
41773,11
84643,93
139070,21
37004,30
89595,62
160420,25
166770,30
1669,9
23623,46
1025,15
132810,30
170465,65
10140,45
141820,34
1963,11
29171,40
9262,18
62888,20
145970,13
142245,29
39613,16
50806,29
496,11
98401,45
133453,38
87530,25
24937,15
80272,16
166120,4
19989,16
53004,14
43629,32
69723,23
2179,25
23329,23
109244,17
146345,17
99463,17
21,25
124714,24
26886,12
169445,18
96838,14
149995,15
282,15
8031,56
1004,14
16067,16
16690,18
136663,17
197,30
23071,14
25195,20
152895,14
38918,21
11492,21
155595,40
132474,15
86213,33
112117,30
151295,19
106235,25
155520,46
111496,16
134642,27
164470,15
167795,39
771,10
121027,8
945,20
332,26
48795,41
666,12
3622,27
43913,47
88862,29
794,17
148245,34
57438,16
101649,28
75303,20
251,18
152645,16
76,15
117275,17
60914,30
20567,24
1045,17
145645,34
864,20
79808,12
101783,12
128418,9
68478,55
143445,25
167420,16
131998,10
27360,24
348,13
152570,30
66391,6
39735,12
117430,17
323,12
6399,27
390,22
143620,10
136408,40
151870,31
2305,26
75816,34
30563,71
394,14
40346,47
164620,13
15956,13
143945,28
23087,20
157920,5
13631,66
190,42
134132,37
18797,15
144620,16
167170,27
264,16
54164,11
163170,17
877,16
135535,10
33483,45
95675,25
148045,10
374,8
87363,18
997,30
52687,24
65865,21
76744,50
52223,28
9335,14
19852,12
118,16
46485,21
12613,11
55375,14
56294,22
163070,11
163520,16
63496,48
142270,31
32638,28
24272,19
165545,32
42579,14
169495,30
31906,45
91601,26
1041,10
405,14
80504,11
114706,28
89326,28
170365,19
130076,14
62486,115
121,16
957,11
170410,17
548,23
56999,26
101711,25
60169,14
45582,25
47805,39
31442,65
52883,29
63557,17
1095,27
137631,28
146320,24
155295,23
41874,18
439,31
99976,10
105434,30
105388,16
10324,47
14461,33
113686,12
169595,12
162645,15
165770,24
94818,26
88010,34
137,39
157995,17
879,11
158320,15
158970,78
6562,17
68723,23
72539,26
36275,19
22679,25
143,19
65633,17
82556,30
74607,60
136347,13
458,10
25516,14
122603,16
166,17
168320,17
96545,43
75694,28
50161,26
63248,26
154970,18
71786,16
73410,18
135693,42
99561,23
37980,19
137322,42
168295,17
6571,10
41126,87
92013,27
166445,6
87168,20
167195,23
84530,58
136505,28
182,20
104728,24
82287,16
150245,85
62217,66
28893,22
10660,86
47243,78
11630,13
137414,10
94569,31
135418,23
145595,36
10989,33
98035,55
96415,54
665,9
102597,27
165345,22
1065,33
23244,39
35786,32
156945,21
112827,19
343,24
92905,15
80896,35
342,26
7095,30
132377,12
170170,15
161795,20
64924,13
101417,15
116578,15
88703,48
76561,92
38908,11
162195,19
33235,30
99695,9
16481,29
130757,15
60450,23
121969,16
164295,10
48537,24
69027,8
448,23
25341,5
138695,32
109560,10
383,23
54689,27
151770,10
89680,50
24790,19
843,12
83902,14
138095,14
52393,28
170460,10
93698,15
16335,21
122872,18
55421,18
26517,31
162820,14
167220,18
70748,24
2094,26
53374,16
82278,11
41178,21
137970,26
162320,20
159320,21
126566,14
79063,21
91842,24
103114,22
277,7
136372,44
145370,13
123580,30
68821,16
37320,22
7857,61
168395,14
170070,20
893,19
96813,15
44227,29
164445,16
95394,21
350,13
152595,25
73996,22
3707,63
170370,13
902,14
135632,28
134536,17
30285,27
21716,20
1027,16
71313,18
23243,26
150695,20
18813,17
120059,17
556,12
17474,21
23831,23
133320,25
18503,26
113930,12
73447,27
47903,62
94988,29
137554,36
156345,22
90791,32
125883,11
161045,18
83190,20
17131,16
680,26
72983,37
35237,15
8461,18
490,14
138970,24
19842,9
295,13
101319,12
17820,13
39604,15
92770,18
151045,23
91843,22
59852,22
86982,34
152420,7
161620,17
117040,19
5958,108
72091,11
108862,15
114466,16
29073,36
81566,14
170450,13
85044,16
450,26
6546,29
47609,19
85982,94
72715,32
9116,22
148345,15
61537,27
105192,19
57686,9
808,13
114360,34
15257,9
98071,20
76829,10
4262,28
83448,17
148145,21
95577,8
54297,9
91585,35
46965,39
151095,19
103359,14
139745,18
17069,20
165370,23
14497,30
7120,29
71823,25
99793,24
115417,23
49197,27
80406,12
124925,14
68087,10
138545,23
7995,73
83679,5
49713,22
146745,21
149945,15
43217,21
138020,13
49795,18
170195,34
46733,21
336,16
89,23
19263,11
78673,9
53338,17
11136,21
163620,13
17951,14
131892,10
63150,12
33310,29
153070,30
133311,14
137265,20
165945,19
28877,28
270,12
791,21
40956,51
22548,76
104862,23
164045,16
82288,27
146420,21
125461,19
115392,18
69589,13
64388,30
79320,31
102659,46
15783,16
15064,28
75352,19
53,27
106810,14
14781,29
74766,25
14412,12
72234,28
433,18
42570,16
131310,7
137042,14
50027,13
162795,13
66463,4
142620,17
16886,33
87364,29
120930,13
103728,18
582,92
42420,17
134545,28
96264,6
83520,9
816,18
131504,14
153370,21
12,16
238,33
118427,28
150020,14
102695,22
16299,17
55153,46
25038,17
34225,79
61048,31
131258,25
161545,17
121823,16
59205,20
123275,29
133999,46
137385,20
140645,28
1007,20
29256,27
71529,24
3527,12
144020,20
33101,16
5581,96
156770,27
19695,32
38294,15
36116,24
65048,15
10904,10
117138,19
23096,16
82922,15
168895,17
127044,35
96,23
137246,37
151895,20
70516,21
133408,22
119386,18
150745,25
615,13
20319,15
740,16
18944,13
16213,8
87253,14
65584,7
38624,43
115222,80
165170,22
34359,52
65450,32
571,20
95504,10
159220,44
9786,33
140220,21
134035,31
134096,63
102854,63
81530,3
60316,62
89069,24
18859,10
148,21
38196,19
831,13
1078,19
146520,19
798,32
147495,35
102390,18
34542,17
1083,13
78880,35
385,21
71493,46
9923,14
93921,17
102391,23
105882,29
146,16
43897,52
137433,17
27432,16
58679,11
105058,9
103578,19
8721,37
101237,13
158545,15
60084,21
71725,28
40725,28
68664,10
30759,56
24655,10
78331,11
2403,17
22287,15
42090,15
30990,38
101014,18
99512,20
102381,17
60646,76
147695,16
126257,22
87031,35
88984,24
93466,15
11679,20
137669,34
53615,40
50187,22
153870,15
104140,9
95495,10
30269,28
1077,14
136796,24
65022,12
107006,32
34029,25
952,14
97071,45
3490,16
150770,21
33724,9
166570,22
152195,29
617,25
79357,25
168470,8
110074,14
118436,24
154145,14
107078,17
34957,8
72947,44
85822,9
96536,15
13909,20
126591,11
126725,34
36,23
93931,24
220,35
112453,13
41724,12
164845,74
94817,14
142220,29
107212,20
137675,19
704,25
143120,18
134872,52
135102,12
143820,12
14866,52
51184,13
14265,26
130092,9
1053,6
65685,10
22998,16
116757,37
922,30
39967,11
2012,150
127142,35
168845,19
151920,28
79625,16
19937,29
24986,46
67086,24
115993,81
24247,22
24116,28
127687,7
77354,34
117190,16
129588,12
154020,12
32324,26
155995,36
359,16
114742,13
160270,26
398,13
153020,58
169720,15
109022,18
93307,14
103444,17
62172,73
49249,32
81592,12
85688,32
3906,52
10055,102
144545,35
28902,16
132932,50
9152,10
967,19
24753,20
154820,13
147645,21
74999,70
147670,25
127736,88
24211,32
124389,8
46119,10
865,10
128639,37
62852,27
137586,11
51367,18
145795,27
74741,31
122937,18
1023,24
164945,18
47841,41
626,17
588,27
75453,28
104352,18
664,11
57463,14
141770,26
109888,10
10045,24
87555,22
796,13
113589,14
11005,30
126956,37
117921,27
99159,47
17683,42
142695,11
77159,15
7532,15
45155,24
62254,43
558,20
136311,21
116383,15
135571,20
74081,53
45887,13
45008,21
17216,7
117324,17
649,8
154520,26
124665,21
754,13
122921,29
46864,11
129101,11
126432,98
86250,44
32504,37
72714,18
48452,30
51062,17
96191,14
95721,25
63548,10
110545,29
107176,28
110901,11
88657,56
140970,25
30527,79
646,14
136929,11
125104,16
158445,26
107738,6
80236,32
149420,24
137682,21
17095,25
41920,24
2256,7
58280,25
1090,3
165445,26
159720,45
98221,15
98205,14
3360,26
65901,31
3298,96
449,22
137496,20
64,27
46949,48
102613,28
18666,32
151820,11
13934,18
144270,31
88434,54
624,12
20999,31
104165,8
41651,12
1376,11
81713,14
50418,52
73169,16
34179,32
240,19
210,41
33931,29
65694,14
1082,11
58813,16
134827,24
44910,17
123,18
124519,16
59120,15
82360,14
19117,29
86799,19
146695,20
40715,7
137563,16
41626,14
32797,23
69223,15
44704,77
104584,10
8462,52
63325,24
157670,18
66158,17
4461,20
131513,20
114125,22
80432,20
57696,13
90950,18
159170,43
76613,57
9871,15
47707,14
19238,21
38686,17
5042,55
152345,32
143345,13
66695,13
147070,31
83752,5
49893,24
55506,15
26015,52
37879,16
23675,21
585,41
97070,16
65669,14
111184,14
43263,36
24273,46
85090,90
142720,12
166895,18
103712,26
622,18
55359,20
153420,90
44521,18
85508,8
27576,73
150445,53
58159,45
127541,12
140420,21
10360,14
32272,29
21330,12
94435,18
126371,97
79210,12
20800,54
33947,31
125847,36
29589,32
162845,25
120751,3
170400,21
17535,5
40016,16
133647,66
165870,28
146645,12
32556,22
521,8
655,10
47625,14
143170,18
93014,23
74973,36
11878,32
94939,10
75401,30
155920,53
137483,16
587,15
37235,23
148645,24
470,14
75437,33
106052,25
42884,13
74143,80
579,21
131698,11
95969,34
161095,27
84838,96
137357,20
108094,19
602,72
13530,19
70849,19
15453,25
43727,43
147820,16
4931,6
916,15
169345,21
2195,22
58149,27
6754,11
161670,22
935,19
85053,17
28377,66
160095,19
93164,14
62001,25
142945,7
145020,19
27746,18
35848,53
160295,14
10565,15
150570,18
139545,13
137519,11
3350,21
80431,14
74107,85
16214,12
70150,10
12561,21
85407,14
48553,23
122668,9
101478,9
80870,13
4687,74
86909,27
261,30
145495,29
8185,24
137410,12
46815,17
133708,27
22149,17
141745,10
51099,32
196,29
85786,20
157820,11
412,25
130588,8
44129,35
24692,38
541,18
155020,22
1001,48
74570,27
584,39
8876,27
133699,15
36676,27
150720,24
79772,11
125470,45
87994,38
364,25
105156,20
111460,13
108326,8
158495,20
66845,4
384,22
87556,40
142545,26
130027,4
438,32
75205,24
568,30
40078,16
168170,11
53236,18
138620,26
135127,13
991,23
11,39
41224,23
134326,16
48684,16
91611,39
75,15
2452,34
12907,19
154595,14
56742,13
65254,36
170120,32
85518,15
119109,14
23770,40
90059,39
35570,18
13788,46
26700,24
166820,28
133417,37
1069,16
89533,48
889,14
153,15
144170,7
1013,12
51331,22
74,46
155270,19
376,12
